A1 NumberofProtons,X3 NumberofProtons,X4 NumberofProtons,A1 Specific Heat,B Specific Heat,X3 Specific Heat,X4 Specific Heat,Ion Specific Heat,A2 Density,Ion Density,Ion AtomicRadius,A1 Firstionization,A2 Firstionization,X3 Firstionization,X4 Firstionization,Ion Firstionization,Ion AtomicMass,X1 Melting Point,X3 Melting Point,Ion Melting Point,Adsorption energy(ev)
3,9,9,3.582,0.32,0.824,0.824,3.582,0.534,0.534,2.1,5.3917,5.3917,17.4228,17.4228,5.3917,6.941,53.63,53.63,453.85,-7.004905301
3,9,9,3.582,0.32,0.824,0.824,0.388,0.534,7.13,1.5,5.3917,5.3917,17.4228,17.4228,9.3942,65.38,53.63,53.63,692.88,0.395232218
3,9,9,3.582,0.32,0.824,0.824,0.757,0.534,0.862,2.8,5.3917,5.3917,17.4228,17.4228,4.3407,39.098,53.63,53.63,336.5,-6.580689236
3,9,9,3.582,0.32,0.824,0.824,1.228,0.534,0.971,2.2,5.3917,5.3917,17.4228,17.4228,5.1391,22.99,53.63,53.63,371.15,-5.557394705
3,9,9,3.582,0.32,0.824,0.824,0.897,0.534,2.7,1.8,5.3917,5.3917,17.4228,17.4228,5.9858,26.982,53.63,53.63,933.4,2.60843733
3,9,9,3.582,0.32,0.824,0.824,0.647,0.534,1.54,2.2,5.3917,5.3917,17.4228,17.4228,6.1132,40.078,53.63,53.63,1112.15,-4.458869904
3,9,9,3.582,0.32,0.824,0.824,1.023,0.534,1.74,1.7,5.3917,5.3917,17.4228,17.4228,7.6462,24.305,53.63,53.63,923.15,-2.617333558
3,9,9,3.582,0.32,0.824,0.824,0.824,0.534,0.0017,0.57,5.3917,5.3917,17.4228,17.4228,17.4228,18.998,53.63,53.63,53.63,-13.35827855
11,9,9,1.228,0.32,0.824,0.824,3.582,0.971,0.534,2.1,5.1391,5.1391,17.4228,17.4228,5.3917,6.941,53.63,53.63,453.85,-6.304996168
11,9,9,1.228,0.32,0.824,0.824,0.388,0.971,7.13,1.5,5.1391,5.1391,17.4228,17.4228,9.3942,65.38,53.63,53.63,692.88,0.779810172
11,9,9,1.228,0.32,0.824,0.824,0.757,0.971,0.862,2.8,5.1391,5.1391,17.4228,17.4228,4.3407,39.098,53.63,53.63,336.5,-4.859987159
11,9,9,1.228,0.32,0.824,0.824,1.228,0.971,0.971,2.2,5.1391,5.1391,17.4228,17.4228,5.1391,22.99,53.63,53.63,371.15,-4.392485732
11,9,9,1.228,0.32,0.824,0.824,0.897,0.971,2.7,1.8,5.1391,5.1391,17.4228,17.4228,5.9858,26.982,53.63,53.63,933.4,2.445059067
11,9,9,1.228,0.32,0.824,0.824,0.647,0.971,1.54,2.2,5.1391,5.1391,17.4228,17.4228,6.1132,40.078,53.63,53.63,1112.15,-4.034477
11,9,9,1.228,0.32,0.824,0.824,1.023,0.971,1.74,1.7,5.1391,5.1391,17.4228,17.4228,7.6462,24.305,53.63,53.63,923.15,-1.905821399
11,9,9,1.228,0.32,0.824,0.824,0.824,0.971,0.0017,0.57,5.1391,5.1391,17.4228,17.4228,17.4228,18.998,53.63,53.63,53.63,-11.40650088
19,9,9,0.757,0.32,0.824,0.824,3.582,0.862,0.534,2.1,4.3407,4.3407,17.4228,17.4228,5.3917,6.941,53.63,53.63,453.85,-5.17872263
19,9,9,0.757,0.32,0.824,0.824,0.388,0.862,7.13,1.5,4.3407,4.3407,17.4228,17.4228,9.3942,65.38,53.63,53.63,692.88,1.015365728
19,9,9,0.757,0.32,0.824,0.824,0.757,0.862,0.862,2.8,4.3407,4.3407,17.4228,17.4228,4.3407,39.098,53.63,53.63,336.5,-4.279829728
19,9,9,0.757,0.32,0.824,0.824,1.228,0.862,0.971,2.2,4.3407,4.3407,17.4228,17.4228,5.1391,22.99,53.63,53.63,371.15,-3.49526924
19,9,9,0.757,0.32,0.824,0.824,0.897,0.862,2.7,1.8,4.3407,4.3407,17.4228,17.4228,5.9858,26.982,53.63,53.63,933.4,3.473451874
19,9,9,0.757,0.32,0.824,0.824,0.647,0.862,1.54,2.2,4.3407,4.3407,17.4228,17.4228,6.1132,40.078,53.63,53.63,1112.15,-5.440871128
19,9,9,0.757,0.32,0.824,0.824,1.023,0.862,1.74,1.7,4.3407,4.3407,17.4228,17.4228,7.6462,24.305,53.63,53.63,923.15,-3.421779538
19,9,9,0.757,0.32,0.824,0.824,0.824,0.862,0.0017,0.57,4.3407,4.3407,17.4228,17.4228,17.4228,18.998,53.63,53.63,53.63,-8.81777966
37,9,9,0.363,0.32,0.824,0.824,3.582,1.53,0.534,2.1,4.1771,4.1771,17.4228,17.4228,5.3917,6.941,53.63,53.63,453.85,-5.704848985
37,9,9,0.363,0.32,0.824,0.824,0.388,1.53,7.13,1.5,4.1771,4.1771,17.4228,17.4228,9.3942,65.38,53.63,53.63,692.88,0.635692636
37,9,9,0.363,0.32,0.824,0.824,0.757,1.53,0.862,2.8,4.1771,4.1771,17.4228,17.4228,4.3407,39.098,53.63,53.63,336.5,-3.757852566
37,9,9,0.363,0.32,0.824,0.824,1.228,1.53,0.971,2.2,4.1771,4.1771,17.4228,17.4228,5.1391,22.99,53.63,53.63,371.15,-3.568199095
37,9,9,0.363,0.32,0.824,0.824,0.897,1.53,2.7,1.8,4.1771,4.1771,17.4228,17.4228,5.9858,26.982,53.63,53.63,933.4,2.687744372
37,9,9,0.363,0.32,0.824,0.824,0.647,1.53,1.54,2.2,4.1771,4.1771,17.4228,17.4228,6.1132,40.078,53.63,53.63,1112.15,-5.57150012
37,9,9,0.363,0.32,0.824,0.824,1.023,1.53,1.74,1.7,4.1771,4.1771,17.4228,17.4228,7.6462,24.305,53.63,53.63,923.15,-2.414699298
37,9,9,0.363,0.32,0.824,0.824,0.824,1.53,0.0017,0.57,4.1771,4.1771,17.4228,17.4228,17.4228,18.998,53.63,53.63,53.63,-8.249667964
55,9,9,0.242,0.32,0.824,0.824,3.582,1.87,0.534,2.1,3.8939,3.8939,17.4228,17.4228,5.3917,6.941,53.63,53.63,453.85,-5.009409295
55,9,9,0.242,0.32,0.824,0.824,0.388,1.87,7.13,1.5,3.8939,3.8939,17.4228,17.4228,9.3942,65.38,53.63,53.63,692.88,-0.791493568
55,9,9,0.242,0.32,0.824,0.824,0.757,1.87,0.862,2.8,3.8939,3.8939,17.4228,17.4228,4.3407,39.098,53.63,53.63,336.5,-4.085265312
55,9,9,0.242,0.32,0.824,0.824,1.228,1.87,0.971,2.2,3.8939,3.8939,17.4228,17.4228,5.1391,22.99,53.63,53.63,371.15,-3.565520716
55,9,9,0.242,0.32,0.824,0.824,0.897,1.87,2.7,1.8,3.8939,3.8939,17.4228,17.4228,5.9858,26.982,53.63,53.63,933.4,1.699125694
55,9,9,0.242,0.32,0.824,0.824,0.647,1.87,1.54,2.2,3.8939,3.8939,17.4228,17.4228,6.1132,40.078,53.63,53.63,1112.15,-5.540833414
55,9,9,0.242,0.32,0.824,0.824,1.023,1.87,1.74,1.7,3.8939,3.8939,17.4228,17.4228,7.6462,24.305,53.63,53.63,923.15,-3.383696489
55,9,9,0.242,0.32,0.824,0.824,0.824,1.87,0.0017,0.57,3.8939,3.8939,17.4228,17.4228,17.4228,18.998,53.63,53.63,53.63,-7.281970438
3,9,9,3.582,0.228,0.824,0.824,3.582,0.534,0.534,2.1,5.3917,5.3917,17.4228,17.4228,5.3917,6.941,53.63,53.63,453.85,-5.823138684
3,9,9,3.582,0.228,0.824,0.824,0.388,0.534,7.13,1.5,5.3917,5.3917,17.4228,17.4228,9.3942,65.38,53.63,53.63,692.88,3.960145741
3,9,9,3.582,0.228,0.824,0.824,0.757,0.534,0.862,2.8,5.3917,5.3917,17.4228,17.4228,4.3407,39.098,53.63,53.63,336.5,-6.456937371
3,9,9,3.582,0.228,0.824,0.824,1.228,0.534,0.971,2.2,5.3917,5.3917,17.4228,17.4228,5.1391,22.99,53.63,53.63,371.15,-5.465505127
3,9,9,3.582,0.228,0.824,0.824,0.897,0.534,2.7,1.8,5.3917,5.3917,17.4228,17.4228,5.9858,26.982,53.63,53.63,933.4,4.019632806
3,9,9,3.582,0.228,0.824,0.824,0.647,0.534,1.54,2.2,5.3917,5.3917,17.4228,17.4228,6.1132,40.078,53.63,53.63,1112.15,-3.93656148
3,9,9,3.582,0.228,0.824,0.824,1.023,0.534,1.74,1.7,5.3917,5.3917,17.4228,17.4228,7.6462,24.305,53.63,53.63,923.15,-1.165239062
3,9,9,3.582,0.228,0.824,0.824,0.824,0.534,0.0017,0.57,5.3917,5.3917,17.4228,17.4228,17.4228,18.998,53.63,53.63,53.63,-12.05045103
11,9,9,1.228,0.228,0.824,0.824,3.582,0.971,0.534,2.1,5.1391,5.1391,17.4228,17.4228,5.3917,6.941,53.63,53.63,453.85,-4.837620745
11,9,9,1.228,0.228,0.824,0.824,0.388,0.971,7.13,1.5,5.1391,5.1391,17.4228,17.4228,9.3942,65.38,53.63,53.63,692.88,2.712325345
11,9,9,1.228,0.228,0.824,0.824,0.757,0.971,0.862,2.8,5.1391,5.1391,17.4228,17.4228,4.3407,39.098,53.63,53.63,336.5,-4.7944616
11,9,9,1.228,0.228,0.824,0.824,1.228,0.971,0.971,2.2,5.1391,5.1391,17.4228,17.4228,5.1391,22.99,53.63,53.63,371.15,-3.706057036
11,9,9,1.228,0.228,0.824,0.824,0.897,0.971,2.7,1.8,5.1391,5.1391,17.4228,17.4228,5.9858,26.982,53.63,53.63,933.4,3.564649558
11,9,9,1.228,0.228,0.824,0.824,0.647,0.971,1.54,2.2,5.1391,5.1391,17.4228,17.4228,6.1132,40.078,53.63,53.63,1112.15,-2.902772482
11,9,9,1.228,0.228,0.824,0.824,1.023,0.971,1.74,1.7,5.1391,5.1391,17.4228,17.4228,7.6462,24.305,53.63,53.63,923.15,0.979513292
11,9,9,1.228,0.228,0.824,0.824,0.824,0.971,0.0017,0.57,5.1391,5.1391,17.4228,17.4228,17.4228,18.998,53.63,53.63,53.63,-10.73726054
19,9,9,0.757,0.228,0.824,0.824,3.582,0.862,0.534,2.1,4.3407,4.3407,17.4228,17.4228,5.3917,6.941,53.63,53.63,453.85,-4.835109209
19,9,9,0.757,0.228,0.824,0.824,0.388,0.862,7.13,1.5,4.3407,4.3407,17.4228,17.4228,9.3942,65.38,53.63,53.63,692.88,1.993860755
19,9,9,0.757,0.228,0.824,0.824,0.757,0.862,0.862,2.8,4.3407,4.3407,17.4228,17.4228,4.3407,39.098,53.63,53.63,336.5,-4.0592526
19,9,9,0.757,0.228,0.824,0.824,1.228,0.862,0.971,2.2,4.3407,4.3407,17.4228,17.4228,5.1391,22.99,53.63,53.63,371.15,-3.130610528
19,9,9,0.757,0.228,0.824,0.824,0.897,0.862,2.7,1.8,4.3407,4.3407,17.4228,17.4228,5.9858,26.982,53.63,53.63,933.4,1.743814447
19,9,9,0.757,0.228,0.824,0.824,0.647,0.862,1.54,2.2,4.3407,4.3407,17.4228,17.4228,6.1132,40.078,53.63,53.63,1112.15,-5.048862204
19,9,9,0.757,0.228,0.824,0.824,1.023,0.862,1.74,1.7,4.3407,4.3407,17.4228,17.4228,7.6462,24.305,53.63,53.63,923.15,0.819711006
19,9,9,0.757,0.228,0.824,0.824,0.824,0.862,0.0017,0.57,4.3407,4.3407,17.4228,17.4228,17.4228,18.998,53.63,53.63,53.63,-7.969858795
37,9,9,0.363,0.228,0.824,0.824,3.582,1.53,0.534,2.1,4.1771,4.1771,17.4228,17.4228,5.3917,6.941,53.63,53.63,453.85,-4.946536375
37,9,9,0.363,0.228,0.824,0.824,0.388,1.53,7.13,1.5,4.1771,4.1771,17.4228,17.4228,9.3942,65.38,53.63,53.63,692.88,1.486081694
37,9,9,0.363,0.228,0.824,0.824,0.757,1.53,0.862,2.8,4.1771,4.1771,17.4228,17.4228,4.3407,39.098,53.63,53.63,336.5,-3.832383375
37,9,9,0.363,0.228,0.824,0.824,1.228,1.53,0.971,2.2,4.1771,4.1771,17.4228,17.4228,5.1391,22.99,53.63,53.63,371.15,-3.136727376
37,9,9,0.363,0.228,0.824,0.824,0.897,1.53,2.7,1.8,4.1771,4.1771,17.4228,17.4228,5.9858,26.982,53.63,53.63,933.4,1.686716454
37,9,9,0.363,0.228,0.824,0.824,0.647,1.53,1.54,2.2,4.1771,4.1771,17.4228,17.4228,6.1132,40.078,53.63,53.63,1112.15,-4.83766668
37,9,9,0.363,0.228,0.824,0.824,1.023,1.53,1.74,1.7,4.1771,4.1771,17.4228,17.4228,7.6462,24.305,53.63,53.63,923.15,-2.535528963
37,9,9,0.363,0.228,0.824,0.824,0.824,1.53,0.0017,0.57,4.1771,4.1771,17.4228,17.4228,17.4228,18.998,53.63,53.63,53.63,-7.371474181
55,9,9,0.242,0.228,0.824,0.824,3.582,1.87,0.534,2.1,3.8939,3.8939,17.4228,17.4228,5.3917,6.941,53.63,53.63,453.85,-5.45288103
55,9,9,0.242,0.228,0.824,0.824,0.388,1.87,7.13,1.5,3.8939,3.8939,17.4228,17.4228,9.3942,65.38,53.63,53.63,692.88,1.685016226
55,9,9,0.242,0.228,0.824,0.824,0.757,1.87,0.862,2.8,3.8939,3.8939,17.4228,17.4228,4.3407,39.098,53.63,53.63,336.5,-3.932141448
55,9,9,0.242,0.228,0.824,0.824,1.228,1.87,0.971,2.2,3.8939,3.8939,17.4228,17.4228,5.1391,22.99,53.63,53.63,371.15,-3.026246548
55,9,9,0.242,0.228,0.824,0.824,0.897,1.87,2.7,1.8,3.8939,3.8939,17.4228,17.4228,5.9858,26.982,53.63,53.63,933.4,0.728120344
55,9,9,0.242,0.228,0.824,0.824,0.647,1.87,1.54,2.2,3.8939,3.8939,17.4228,17.4228,6.1132,40.078,53.63,53.63,1112.15,-4.830825656
55,9,9,0.242,0.228,0.824,0.824,1.023,1.87,1.74,1.7,3.8939,3.8939,17.4228,17.4228,7.6462,24.305,53.63,53.63,923.15,-0.377144758
55,9,9,0.242,0.228,0.824,0.824,0.824,1.87,0.0017,0.57,3.8939,3.8939,17.4228,17.4228,17.4228,18.998,53.63,53.63,53.63,-6.990481547
3,9,9,3.582,0.129,0.824,0.824,3.582,0.534,0.534,2.1,5.3917,5.3917,17.4228,17.4228,5.3917,6.941,53.63,53.63,453.85,-6.554787557
3,9,9,3.582,0.129,0.824,0.824,0.388,0.534,7.13,1.5,5.3917,5.3917,17.4228,17.4228,9.3942,65.38,53.63,53.63,692.88,1.915913626
3,9,9,3.582,0.129,0.824,0.824,0.757,0.534,0.862,2.8,5.3917,5.3917,17.4228,17.4228,4.3407,39.098,53.63,53.63,336.5,-6.311196207
3,9,9,3.582,0.129,0.824,0.824,1.228,0.534,0.971,2.2,5.3917,5.3917,17.4228,17.4228,5.1391,22.99,53.63,53.63,371.15,-4.949128579
3,9,9,3.582,0.129,0.824,0.824,0.897,0.534,2.7,1.8,5.3917,5.3917,17.4228,17.4228,5.9858,26.982,53.63,53.63,933.4,5.509316862
3,9,9,3.582,0.129,0.824,0.824,0.647,0.534,1.54,2.2,5.3917,5.3917,17.4228,17.4228,6.1132,40.078,53.63,53.63,1112.15,-4.518664855
3,9,9,3.582,0.129,0.824,0.824,1.023,0.534,1.74,1.7,5.3917,5.3917,17.4228,17.4228,7.6462,24.305,53.63,53.63,923.15,-1.565420384
3,9,9,3.582,0.129,0.824,0.824,0.824,0.534,0.0017,0.57,5.3917,5.3917,17.4228,17.4228,17.4228,18.998,53.63,53.63,53.63,-10.28486764
11,9,9,1.228,0.129,0.824,0.824,3.582,0.971,0.534,2.1,5.1391,5.1391,17.4228,17.4228,5.3917,6.941,53.63,53.63,453.85,-5.3735389
11,9,9,1.228,0.129,0.824,0.824,0.388,0.971,7.13,1.5,5.1391,5.1391,17.4228,17.4228,9.3942,65.38,53.63,53.63,692.88,3.55720975
11,9,9,1.228,0.129,0.824,0.824,0.757,0.971,0.862,2.8,5.1391,5.1391,17.4228,17.4228,4.3407,39.098,53.63,53.63,336.5,-4.80816415
11,9,9,1.228,0.129,0.824,0.824,1.228,0.971,0.971,2.2,5.1391,5.1391,17.4228,17.4228,5.1391,22.99,53.63,53.63,371.15,-3.86949971
11,9,9,1.228,0.129,0.824,0.824,0.897,0.971,2.7,1.8,5.1391,5.1391,17.4228,17.4228,5.9858,26.982,53.63,53.63,933.4,5.47817885
11,9,9,1.228,0.129,0.824,0.824,0.647,0.971,1.54,2.2,5.1391,5.1391,17.4228,17.4228,6.1132,40.078,53.63,53.63,1112.15,-4.94571979
11,9,9,1.228,0.129,0.824,0.824,1.023,0.971,1.74,1.7,5.1391,5.1391,17.4228,17.4228,7.6462,24.305,53.63,53.63,923.15,1.23410665
11,9,9,1.228,0.129,0.824,0.824,0.824,0.971,0.0017,0.57,5.1391,5.1391,17.4228,17.4228,17.4228,18.998,53.63,53.63,53.63,-9.54072205
19,9,9,0.757,0.129,0.824,0.824,3.582,0.862,0.534,2.1,4.3407,4.3407,17.4228,17.4228,5.3917,6.941,53.63,53.63,453.85,-4.206627874
19,9,9,0.757,0.129,0.824,0.824,0.388,0.862,7.13,1.5,4.3407,4.3407,17.4228,17.4228,9.3942,65.38,53.63,53.63,692.88,3.358963631
19,9,9,0.757,0.129,0.824,0.824,0.757,0.862,0.862,2.8,4.3407,4.3407,17.4228,17.4228,4.3407,39.098,53.63,53.63,336.5,-3.582942889
19,9,9,0.757,0.129,0.824,0.824,1.228,0.862,0.971,2.2,4.3407,4.3407,17.4228,17.4228,5.1391,22.99,53.63,53.63,371.15,-1.539424059
19,9,9,0.757,0.129,0.824,0.824,0.897,0.862,2.7,1.8,4.3407,4.3407,17.4228,17.4228,5.9858,26.982,53.63,53.63,933.4,4.511224494
19,9,9,0.757,0.129,0.824,0.824,0.647,0.862,1.54,2.2,4.3407,4.3407,17.4228,17.4228,6.1132,40.078,53.63,53.63,1112.15,-5.108576069
19,9,9,0.757,0.129,0.824,0.824,1.023,0.862,1.74,1.7,4.3407,4.3407,17.4228,17.4228,7.6462,24.305,53.63,53.63,923.15,1.051586031
19,9,9,0.757,0.129,0.824,0.824,0.824,0.862,0.0017,0.57,4.3407,4.3407,17.4228,17.4228,17.4228,18.998,53.63,53.63,53.63,-7.901793629
37,9,9,0.363,0.129,0.824,0.824,3.582,1.53,0.534,2.1,4.1771,4.1771,17.4228,17.4228,5.3917,6.941,53.63,53.63,453.85,-4.177363034
37,9,9,0.363,0.129,0.824,0.824,0.388,1.53,7.13,1.5,4.1771,4.1771,17.4228,17.4228,9.3942,65.38,53.63,53.63,692.88,2.711606316
37,9,9,0.363,0.129,0.824,0.824,0.757,1.53,0.862,2.8,4.1771,4.1771,17.4228,17.4228,4.3407,39.098,53.63,53.63,336.5,-3.432426714
37,9,9,0.363,0.129,0.824,0.824,1.228,1.53,0.971,2.2,4.1771,4.1771,17.4228,17.4228,5.1391,22.99,53.63,53.63,371.15,-2.158653524
37,9,9,0.363,0.129,0.824,0.824,0.897,1.53,2.7,1.8,4.1771,4.1771,17.4228,17.4228,5.9858,26.982,53.63,53.63,933.4,3.871614902
37,9,9,0.363,0.129,0.824,0.824,0.647,1.53,1.54,2.2,4.1771,4.1771,17.4228,17.4228,6.1132,40.078,53.63,53.63,1112.15,-5.440170134
37,9,9,0.363,0.129,0.824,0.824,1.023,1.53,1.74,1.7,4.1771,4.1771,17.4228,17.4228,7.6462,24.305,53.63,53.63,923.15,0.157720926
37,9,9,0.363,0.129,0.824,0.824,0.824,1.53,0.0017,0.57,4.1771,4.1771,17.4228,17.4228,17.4228,18.998,53.63,53.63,53.63,-7.102517924
55,9,9,0.242,0.129,0.824,0.824,3.582,1.87,0.534,2.1,3.8939,3.8939,17.4228,17.4228,5.3917,6.941,53.63,53.63,453.85,-4.156004827
55,9,9,0.242,0.129,0.824,0.824,0.388,1.87,7.13,1.5,3.8939,3.8939,17.4228,17.4228,9.3942,65.38,53.63,53.63,692.88,2.023505357
55,9,9,0.242,0.129,0.824,0.824,0.757,1.87,0.862,2.8,3.8939,3.8939,17.4228,17.4228,4.3407,39.098,53.63,53.63,336.5,-3.406367253
55,9,9,0.242,0.129,0.824,0.824,1.228,1.87,0.971,2.2,3.8939,3.8939,17.4228,17.4228,5.1391,22.99,53.63,53.63,371.15,-2.342525463
55,9,9,0.242,0.129,0.824,0.824,0.897,1.87,2.7,1.8,3.8939,3.8939,17.4228,17.4228,5.9858,26.982,53.63,53.63,933.4,1.990576679
55,9,9,0.242,0.129,0.824,0.824,0.647,1.87,1.54,2.2,3.8939,3.8939,17.4228,17.4228,6.1132,40.078,53.63,53.63,1112.15,-4.928682183
55,9,9,0.242,0.129,0.824,0.824,1.023,1.87,1.74,1.7,3.8939,3.8939,17.4228,17.4228,7.6462,24.305,53.63,53.63,923.15,0.133223657
55,9,9,0.242,0.129,0.824,0.824,0.824,1.87,0.0017,0.57,3.8939,3.8939,17.4228,17.4228,17.4228,18.998,53.63,53.63,53.63,-6.119350423
3,18,18,3.582,0.32,0.479,0.479,3.582,0.534,0.534,2.1,5.3917,5.3917,12.9676,12.9676,5.3917,6.941,172.31,172.31,453.85,-1.832823251
3,18,18,3.582,0.32,0.479,0.479,0.388,0.534,7.13,1.5,5.3917,5.3917,12.9676,12.9676,9.3942,65.38,172.31,172.31,692.88,3.777824511
3,18,18,3.582,0.32,0.479,0.479,0.757,0.534,0.862,2.8,5.3917,5.3917,12.9676,12.9676,4.3407,39.098,172.31,172.31,336.5,-4.126512849
3,18,18,3.582,0.32,0.479,0.479,1.228,0.534,0.971,2.2,5.3917,5.3917,12.9676,12.9676,5.1391,22.99,172.31,172.31,371.15,-2.909551746
3,18,18,3.582,0.32,0.479,0.479,0.897,0.534,2.7,1.8,5.3917,5.3917,12.9676,12.9676,5.9858,26.982,172.31,172.31,933.4,3.340346276
3,18,18,3.582,0.32,0.479,0.479,0.647,0.534,1.54,2.2,5.3917,5.3917,12.9676,12.9676,6.1132,40.078,172.31,172.31,1112.15,-2.173177879
3,18,18,3.582,0.32,0.479,0.479,1.023,0.534,1.74,1.7,5.3917,5.3917,12.9676,12.9676,7.6462,24.305,172.31,172.31,923.15,0.736065132
3,18,18,3.582,0.32,0.479,0.479,0.824,0.534,0.0017,0.57,5.3917,5.3917,12.9676,12.9676,17.4228,18.998,172.31,172.31,53.63,-9.31851394
11,18,18,1.228,0.32,0.479,0.479,3.582,0.971,0.534,2.1,5.1391,5.1391,12.9676,12.9676,5.3917,6.941,172.31,172.31,453.85,-3.42729406
11,18,18,1.228,0.32,0.479,0.479,0.388,0.971,7.13,1.5,5.1391,5.1391,12.9676,12.9676,9.3942,65.38,172.31,172.31,692.88,3.320645807
11,18,18,1.228,0.32,0.479,0.479,0.757,0.971,0.862,2.8,5.1391,5.1391,12.9676,12.9676,4.3407,39.098,172.31,172.31,336.5,-3.148156847
11,18,18,1.228,0.32,0.479,0.479,1.228,0.971,0.971,2.2,5.1391,5.1391,12.9676,12.9676,5.1391,22.99,172.31,172.31,371.15,-1.638127123
11,18,18,1.228,0.32,0.479,0.479,0.897,0.971,2.7,1.8,5.1391,5.1391,12.9676,12.9676,5.9858,26.982,172.31,172.31,933.4,2.743092896
11,18,18,1.228,0.32,0.479,0.479,0.647,0.971,1.54,2.2,5.1391,5.1391,12.9676,12.9676,6.1132,40.078,172.31,172.31,1112.15,-2.166247802
11,18,18,1.228,0.32,0.479,0.479,1.023,0.971,1.74,1.7,5.1391,5.1391,12.9676,12.9676,7.6462,24.305,172.31,172.31,923.15,1.335308003
11,18,18,1.228,0.32,0.479,0.479,0.824,0.971,0.0017,0.57,5.1391,5.1391,12.9676,12.9676,17.4228,18.998,172.31,172.31,53.63,-6.828724471
19,18,18,0.757,0.32,0.479,0.479,3.582,0.862,0.534,2.1,4.3407,4.3407,12.9676,12.9676,5.3917,6.941,172.31,172.31,453.85,-3.065609443
19,18,18,0.757,0.32,0.479,0.479,0.388,0.862,7.13,1.5,4.3407,4.3407,12.9676,12.9676,9.3942,65.38,172.31,172.31,692.88,2.939546259
19,18,18,0.757,0.32,0.479,0.479,0.757,0.862,0.862,2.8,4.3407,4.3407,12.9676,12.9676,4.3407,39.098,172.31,172.31,336.5,-2.328286464
19,18,18,0.757,0.32,0.479,0.479,1.228,0.862,0.971,2.2,4.3407,4.3407,12.9676,12.9676,5.1391,22.99,172.31,172.31,371.15,-1.588413507
19,18,18,0.757,0.32,0.479,0.479,0.897,0.862,2.7,1.8,4.3407,4.3407,12.9676,12.9676,5.9858,26.982,172.31,172.31,933.4,1.604891496
19,18,18,0.757,0.32,0.479,0.479,0.647,0.862,1.54,2.2,4.3407,4.3407,12.9676,12.9676,6.1132,40.078,172.31,172.31,1112.15,-3.078479652
19,18,18,0.757,0.32,0.479,0.479,1.023,0.862,1.74,1.7,4.3407,4.3407,12.9676,12.9676,7.6462,24.305,172.31,172.31,923.15,1.047394725
19,18,18,0.757,0.32,0.479,0.479,0.824,0.862,0.0017,0.57,4.3407,4.3407,12.9676,12.9676,17.4228,18.998,172.31,172.31,53.63,-5.213970046
37,18,18,0.363,0.32,0.479,0.479,3.582,1.53,0.534,2.1,4.1771,4.1771,12.9676,12.9676,5.3917,6.941,172.31,172.31,453.85,-3.194760603
37,18,18,0.363,0.32,0.479,0.479,0.388,1.53,7.13,1.5,4.1771,4.1771,12.9676,12.9676,9.3942,65.38,172.31,172.31,692.88,2.467942862
37,18,18,0.363,0.32,0.479,0.479,0.757,1.53,0.862,2.8,4.1771,4.1771,12.9676,12.9676,4.3407,39.098,172.31,172.31,336.5,-2.477235817
37,18,18,0.363,0.32,0.479,0.479,1.228,1.53,0.971,2.2,4.1771,4.1771,12.9676,12.9676,5.1391,22.99,172.31,172.31,371.15,-1.430853602
37,18,18,0.363,0.32,0.479,0.479,0.897,1.53,2.7,1.8,4.1771,4.1771,12.9676,12.9676,5.9858,26.982,172.31,172.31,933.4,0.916937753
37,18,18,0.363,0.32,0.479,0.479,0.647,1.53,1.54,2.2,4.1771,4.1771,12.9676,12.9676,6.1132,40.078,172.31,172.31,1112.15,-3.469620368
37,18,18,0.363,0.32,0.479,0.479,1.023,1.53,1.74,1.7,4.1771,4.1771,12.9676,12.9676,7.6462,24.305,172.31,172.31,923.15,0.647958628
37,18,18,0.363,0.32,0.479,0.479,0.824,1.53,0.0017,0.57,4.1771,4.1771,12.9676,12.9676,17.4228,18.998,172.31,172.31,53.63,-4.935473795
55,18,18,0.242,0.32,0.479,0.479,3.582,1.87,0.534,2.1,3.8939,3.8939,12.9676,12.9676,5.3917,6.941,172.31,172.31,453.85,-3.46912126
55,18,18,0.242,0.32,0.479,0.479,0.388,1.87,7.13,1.5,3.8939,3.8939,12.9676,12.9676,9.3942,65.38,172.31,172.31,692.88,1.810990162
55,18,18,0.242,0.32,0.479,0.479,0.757,1.87,0.862,2.8,3.8939,3.8939,12.9676,12.9676,4.3407,39.098,172.31,172.31,336.5,-2.696562842
55,18,18,0.242,0.32,0.479,0.479,1.228,1.87,0.971,2.2,3.8939,3.8939,12.9676,12.9676,5.1391,22.99,172.31,172.31,371.15,-1.730756807
55,18,18,0.242,0.32,0.479,0.479,0.897,1.87,2.7,1.8,3.8939,3.8939,12.9676,12.9676,5.9858,26.982,172.31,172.31,933.4,-0.18753179
55,18,18,0.242,0.32,0.479,0.479,0.647,1.87,1.54,2.2,3.8939,3.8939,12.9676,12.9676,6.1132,40.078,172.31,172.31,1112.15,-4.141104151
55,18,18,0.242,0.32,0.479,0.479,1.023,1.87,1.74,1.7,3.8939,3.8939,12.9676,12.9676,7.6462,24.305,172.31,172.31,923.15,-0.024211503
55,18,18,0.242,0.32,0.479,0.479,0.824,1.87,0.0017,0.57,3.8939,3.8939,12.9676,12.9676,17.4228,18.998,172.31,172.31,53.63,-4.50841377
3,18,18,3.582,0.228,0.479,0.479,3.582,0.534,0.534,2.1,5.3917,5.3917,12.9676,12.9676,5.3917,6.941,172.31,172.31,453.85,-3.570627906
3,18,18,3.582,0.228,0.479,0.479,0.388,0.534,7.13,1.5,5.3917,5.3917,12.9676,12.9676,9.3942,65.38,172.31,172.31,692.88,4.102531588
3,18,18,3.582,0.228,0.479,0.479,0.757,0.534,0.862,2.8,5.3917,5.3917,12.9676,12.9676,4.3407,39.098,172.31,172.31,336.5,-4.083767235
3,18,18,3.582,0.228,0.479,0.479,1.228,0.534,0.971,2.2,5.3917,5.3917,12.9676,12.9676,5.1391,22.99,172.31,172.31,371.15,-2.903680973
3,18,18,3.582,0.228,0.479,0.479,0.897,0.534,2.7,1.8,5.3917,5.3917,12.9676,12.9676,5.9858,26.982,172.31,172.31,933.4,3.74102164
3,18,18,3.582,0.228,0.479,0.479,0.647,0.534,1.54,2.2,5.3917,5.3917,12.9676,12.9676,6.1132,40.078,172.31,172.31,1112.15,-3.452336443
3,18,18,3.582,0.228,0.479,0.479,1.023,0.534,1.74,1.7,5.3917,5.3917,12.9676,12.9676,7.6462,24.305,172.31,172.31,923.15,0.8978442
3,18,18,3.582,0.228,0.479,0.479,0.824,0.534,0.0017,0.57,5.3917,5.3917,12.9676,12.9676,17.4228,18.998,172.31,172.31,53.63,-6.737654772
11,18,18,1.228,0.228,0.479,0.479,3.582,0.971,0.534,2.1,5.1391,5.1391,12.9676,12.9676,5.3917,6.941,172.31,172.31,453.85,-3.558440376
11,18,18,1.228,0.228,0.479,0.479,0.388,0.971,7.13,1.5,5.1391,5.1391,12.9676,12.9676,9.3942,65.38,172.31,172.31,692.88,3.073435172
11,18,18,1.228,0.228,0.479,0.479,0.757,0.971,0.862,2.8,5.1391,5.1391,12.9676,12.9676,4.3407,39.098,172.31,172.31,336.5,-2.712853055
11,18,18,1.228,0.228,0.479,0.479,1.228,0.971,0.971,2.2,5.1391,5.1391,12.9676,12.9676,5.1391,22.99,172.31,172.31,371.15,-1.082114588
11,18,18,1.228,0.228,0.479,0.479,0.897,0.971,2.7,1.8,5.1391,5.1391,12.9676,12.9676,5.9858,26.982,172.31,172.31,933.4,2.897858813
11,18,18,1.228,0.228,0.479,0.479,0.647,0.971,1.54,2.2,5.1391,5.1391,12.9676,12.9676,6.1132,40.078,172.31,172.31,1112.15,-3.333193544
11,18,18,1.228,0.228,0.479,0.479,1.023,0.971,1.74,1.7,5.1391,5.1391,12.9676,12.9676,7.6462,24.305,172.31,172.31,923.15,1.44977902
11,18,18,1.228,0.228,0.479,0.479,0.824,0.971,0.0017,0.57,5.1391,5.1391,12.9676,12.9676,17.4228,18.998,172.31,172.31,53.63,-7.033810301
19,18,18,0.757,0.228,0.479,0.479,3.582,0.862,0.534,2.1,4.3407,4.3407,12.9676,12.9676,5.3917,6.941,172.31,172.31,453.85,-2.785538001
19,18,18,0.757,0.228,0.479,0.479,0.388,0.862,7.13,1.5,4.3407,4.3407,12.9676,12.9676,9.3942,65.38,172.31,172.31,692.88,2.789252478
19,18,18,0.757,0.228,0.479,0.479,0.757,0.862,0.862,2.8,4.3407,4.3407,12.9676,12.9676,4.3407,39.098,172.31,172.31,336.5,-2.005222748
19,18,18,0.757,0.228,0.479,0.479,1.228,0.862,0.971,2.2,4.3407,4.3407,12.9676,12.9676,5.1391,22.99,172.31,172.31,371.15,-1.426904805
19,18,18,0.757,0.228,0.479,0.479,0.897,0.862,2.7,1.8,4.3407,4.3407,12.9676,12.9676,5.9858,26.982,172.31,172.31,933.4,1.809931352
19,18,18,0.757,0.228,0.479,0.479,0.647,0.862,1.54,2.2,4.3407,4.3407,12.9676,12.9676,6.1132,40.078,172.31,172.31,1112.15,-3.170026684
19,18,18,0.757,0.228,0.479,0.479,1.023,0.862,1.74,1.7,4.3407,4.3407,12.9676,12.9676,7.6462,24.305,172.31,172.31,923.15,0.894924069
19,18,18,0.757,0.228,0.479,0.479,0.824,0.862,0.0017,0.57,4.3407,4.3407,12.9676,12.9676,17.4228,18.998,172.31,172.31,53.63,-5.069294203
37,18,18,0.363,0.228,0.479,0.479,3.582,1.53,0.534,2.1,4.1771,4.1771,12.9676,12.9676,5.3917,6.941,172.31,172.31,453.85,-3.106747692
37,18,18,0.363,0.228,0.479,0.479,0.388,1.53,7.13,1.5,4.1771,4.1771,12.9676,12.9676,9.3942,65.38,172.31,172.31,692.88,2.474567052
37,18,18,0.363,0.228,0.479,0.479,0.757,1.53,0.862,2.8,4.1771,4.1771,12.9676,12.9676,4.3407,39.098,172.31,172.31,336.5,-2.267498176
37,18,18,0.363,0.228,0.479,0.479,1.228,1.53,0.971,2.2,4.1771,4.1771,12.9676,12.9676,5.1391,22.99,172.31,172.31,371.15,-1.543364145
37,18,18,0.363,0.228,0.479,0.479,0.897,1.53,2.7,1.8,4.1771,4.1771,12.9676,12.9676,5.9858,26.982,172.31,172.31,933.4,1.130804147
37,18,18,0.363,0.228,0.479,0.479,0.647,1.53,1.54,2.2,4.1771,4.1771,12.9676,12.9676,6.1132,40.078,172.31,172.31,1112.15,-3.659855029
37,18,18,0.363,0.228,0.479,0.479,1.023,1.53,1.74,1.7,4.1771,4.1771,12.9676,12.9676,7.6462,24.305,172.31,172.31,923.15,0.500923551
37,18,18,0.363,0.228,0.479,0.479,0.824,1.53,0.0017,0.57,4.1771,4.1771,12.9676,12.9676,17.4228,18.998,172.31,172.31,53.63,-4.555662785
55,18,18,0.242,0.228,0.479,0.479,3.582,1.87,0.534,2.1,3.8939,3.8939,12.9676,12.9676,5.3917,6.941,172.31,172.31,453.85,-3.395961453
55,18,18,0.242,0.228,0.479,0.479,0.388,1.87,7.13,1.5,3.8939,3.8939,12.9676,12.9676,9.3942,65.38,172.31,172.31,692.88,1.787664027
55,18,18,0.242,0.228,0.479,0.479,0.757,1.87,0.862,2.8,3.8939,3.8939,12.9676,12.9676,4.3407,39.098,172.31,172.31,336.5,-2.523215937
55,18,18,0.242,0.228,0.479,0.479,1.228,1.87,0.971,2.2,3.8939,3.8939,12.9676,12.9676,5.1391,22.99,172.31,172.31,371.15,-1.573896919
55,18,18,0.242,0.228,0.479,0.479,0.897,1.87,2.7,1.8,3.8939,3.8939,12.9676,12.9676,5.9858,26.982,172.31,172.31,933.4,0.082758158
55,18,18,0.242,0.228,0.479,0.479,0.647,1.87,1.54,2.2,3.8939,3.8939,12.9676,12.9676,6.1132,40.078,172.31,172.31,1112.15,-4.300815756
55,18,18,0.242,0.228,0.479,0.479,1.023,1.87,1.74,1.7,3.8939,3.8939,12.9676,12.9676,7.6462,24.305,172.31,172.31,923.15,-0.097658479
55,18,18,0.242,0.228,0.479,0.479,0.824,1.87,0.0017,0.57,3.8939,3.8939,12.9676,12.9676,17.4228,18.998,172.31,172.31,53.63,-3.962963901
3,18,18,3.582,0.129,0.479,0.479,3.582,0.534,0.534,2.1,5.3917,5.3917,12.9676,12.9676,5.3917,6.941,172.31,172.31,453.85,-1.978120767
3,18,18,3.582,0.129,0.479,0.479,0.388,0.534,7.13,1.5,5.3917,5.3917,12.9676,12.9676,9.3942,65.38,172.31,172.31,692.88,5.543178348
3,18,18,3.582,0.129,0.479,0.479,0.757,0.534,0.862,2.8,5.3917,5.3917,12.9676,12.9676,4.3407,39.098,172.31,172.31,336.5,-1.4576378
3,18,18,3.582,0.129,0.479,0.479,1.228,0.534,0.971,2.2,5.3917,5.3917,12.9676,12.9676,5.1391,22.99,172.31,172.31,371.15,-0.404929894
3,18,18,3.582,0.129,0.479,0.479,0.897,0.534,2.7,1.8,5.3917,5.3917,12.9676,12.9676,5.9858,26.982,172.31,172.31,933.4,7.616963496
3,18,18,3.582,0.129,0.479,0.479,0.647,0.534,1.54,2.2,5.3917,5.3917,12.9676,12.9676,6.1132,40.078,172.31,172.31,1112.15,-0.967100768
3,18,18,3.582,0.129,0.479,0.479,1.023,0.534,1.74,1.7,5.3917,5.3917,12.9676,12.9676,7.6462,24.305,172.31,172.31,923.15,3.664241832
3,18,18,3.582,0.129,0.479,0.479,0.824,0.534,0.0017,0.57,5.3917,5.3917,12.9676,12.9676,17.4228,18.998,172.31,172.31,53.63,-6.75585978
11,18,18,1.228,0.129,0.479,0.479,3.582,0.971,0.534,2.1,5.1391,5.1391,12.9676,12.9676,5.3917,6.941,172.31,172.31,453.85,-3.011189235
11,18,18,1.228,0.129,0.479,0.479,0.388,0.971,7.13,1.5,5.1391,5.1391,12.9676,12.9676,9.3942,65.38,172.31,172.31,692.88,2.722065432
11,18,18,1.228,0.129,0.479,0.479,0.757,0.971,0.862,2.8,5.1391,5.1391,12.9676,12.9676,4.3407,39.098,172.31,172.31,336.5,-3.294370308
11,18,18,1.228,0.129,0.479,0.479,1.228,0.971,0.971,2.2,5.1391,5.1391,12.9676,12.9676,5.1391,22.99,172.31,172.31,371.15,-1.850283128
11,18,18,1.228,0.129,0.479,0.479,0.897,0.971,2.7,1.8,5.1391,5.1391,12.9676,12.9676,5.9858,26.982,172.31,172.31,933.4,4.651654694
11,18,18,1.228,0.129,0.479,0.479,0.647,0.971,1.54,2.2,5.1391,5.1391,12.9676,12.9676,6.1132,40.078,172.31,172.31,1112.15,-3.481745878
11,18,18,1.228,0.129,0.479,0.479,1.023,0.971,1.74,1.7,5.1391,5.1391,12.9676,12.9676,7.6462,24.305,172.31,172.31,923.15,0.468407502
11,18,18,1.228,0.129,0.479,0.479,0.824,0.971,0.0017,0.57,5.1391,5.1391,12.9676,12.9676,17.4228,18.998,172.31,172.31,53.63,-6.276497898
19,18,18,0.757,0.129,0.479,0.479,3.582,0.862,0.534,2.1,4.3407,4.3407,12.9676,12.9676,5.3917,6.941,172.31,172.31,453.85,-2.910459046
19,18,18,0.757,0.129,0.479,0.479,0.388,0.862,7.13,1.5,4.3407,4.3407,12.9676,12.9676,9.3942,65.38,172.31,172.31,692.88,2.936111627
19,18,18,0.757,0.129,0.479,0.479,0.757,0.862,0.862,2.8,4.3407,4.3407,12.9676,12.9676,4.3407,39.098,172.31,172.31,336.5,-2.114829393
19,18,18,0.757,0.129,0.479,0.479,1.228,0.862,0.971,2.2,4.3407,4.3407,12.9676,12.9676,5.1391,22.99,172.31,172.31,371.15,-1.347507933
19,18,18,0.757,0.129,0.479,0.479,0.897,0.862,2.7,1.8,4.3407,4.3407,12.9676,12.9676,5.9858,26.982,172.31,172.31,933.4,3.924587789
19,18,18,0.757,0.129,0.479,0.479,0.647,0.862,1.54,2.2,4.3407,4.3407,12.9676,12.9676,6.1132,40.078,172.31,172.31,1112.15,-3.353913902
19,18,18,0.757,0.129,0.479,0.479,1.023,0.862,1.74,1.7,4.3407,4.3407,12.9676,12.9676,7.6462,24.305,172.31,172.31,923.15,-0.990926443
19,18,18,0.757,0.129,0.479,0.479,0.824,0.862,0.0017,0.57,4.3407,4.3407,12.9676,12.9676,17.4228,18.998,172.31,172.31,53.63,-4.543557333
37,18,18,0.363,0.129,0.479,0.479,3.582,1.53,0.534,2.1,4.1771,4.1771,12.9676,12.9676,5.3917,6.941,172.31,172.31,453.85,-3.363021842
37,18,18,0.363,0.129,0.479,0.479,0.388,1.53,7.13,1.5,4.1771,4.1771,12.9676,12.9676,9.3942,65.38,172.31,172.31,692.88,2.22468734
37,18,18,0.363,0.129,0.479,0.479,0.757,1.53,0.862,2.8,4.1771,4.1771,12.9676,12.9676,4.3407,39.098,172.31,172.31,336.5,-2.448464564
37,18,18,0.363,0.129,0.479,0.479,1.228,1.53,0.971,2.2,4.1771,4.1771,12.9676,12.9676,5.1391,22.99,172.31,172.31,371.15,-1.57032086
37,18,18,0.363,0.129,0.479,0.479,0.897,1.53,2.7,1.8,4.1771,4.1771,12.9676,12.9676,5.9858,26.982,172.31,172.31,933.4,3.241874057
37,18,18,0.363,0.129,0.479,0.479,0.647,1.53,1.54,2.2,4.1771,4.1771,12.9676,12.9676,6.1132,40.078,172.31,172.31,1112.15,-4.034188503
37,18,18,0.363,0.129,0.479,0.479,1.023,1.53,1.74,1.7,4.1771,4.1771,12.9676,12.9676,7.6462,24.305,172.31,172.31,923.15,0.27227112
37,18,18,0.363,0.129,0.479,0.479,0.824,1.53,0.0017,0.57,4.1771,4.1771,12.9676,12.9676,17.4228,18.998,172.31,172.31,53.63,-4.304684295
55,18,18,0.242,0.129,0.479,0.479,3.582,1.87,0.534,2.1,3.8939,3.8939,12.9676,12.9676,5.3917,6.941,172.31,172.31,453.85,-3.431793228
55,18,18,0.242,0.129,0.479,0.479,0.388,1.87,7.13,1.5,3.8939,3.8939,12.9676,12.9676,9.3942,65.38,172.31,172.31,692.88,1.63223874
55,18,18,0.242,0.129,0.479,0.479,0.757,1.87,0.862,2.8,3.8939,3.8939,12.9676,12.9676,4.3407,39.098,172.31,172.31,336.5,-2.636412113
55,18,18,0.242,0.129,0.479,0.479,1.228,1.87,0.971,2.2,3.8939,3.8939,12.9676,12.9676,5.1391,22.99,172.31,172.31,371.15,-1.69388896
55,18,18,0.242,0.129,0.479,0.479,0.897,1.87,2.7,1.8,3.8939,3.8939,12.9676,12.9676,5.9858,26.982,172.31,172.31,933.4,2.234309434
55,18,18,0.242,0.129,0.479,0.479,0.647,1.87,1.54,2.2,3.8939,3.8939,12.9676,12.9676,6.1132,40.078,172.31,172.31,1112.15,-4.645400221
55,18,18,0.242,0.129,0.479,0.479,1.023,1.87,1.74,1.7,3.8939,3.8939,12.9676,12.9676,7.6462,24.305,172.31,172.31,923.15,-0.40386581
55,18,18,0.242,0.129,0.479,0.479,0.824,1.87,0.0017,0.57,3.8939,3.8939,12.9676,12.9676,17.4228,18.998,172.31,172.31,53.63,-3.801940759
3,35,35,3.582,0.32,0.474,0.474,3.582,0.534,0.534,2.1,5.3917,5.3917,11.8138,11.8138,5.3917,6.941,266.05,266.05,453.85,-2.413294925
3,35,35,3.582,0.32,0.474,0.474,0.388,0.534,7.13,1.5,5.3917,5.3917,11.8138,11.8138,9.3942,65.38,266.05,266.05,692.88,3.869963956
3,35,35,3.582,0.32,0.474,0.474,0.757,0.534,0.862,2.8,5.3917,5.3917,11.8138,11.8138,4.3407,39.098,266.05,266.05,336.5,-3.590281653
3,35,35,3.582,0.32,0.474,0.474,1.228,0.534,0.971,2.2,5.3917,5.3917,11.8138,11.8138,5.1391,22.99,266.05,266.05,371.15,-2.148620555
3,35,35,3.582,0.32,0.474,0.474,0.897,0.534,2.7,1.8,5.3917,5.3917,11.8138,11.8138,5.9858,26.982,266.05,266.05,933.4,2.994034966
3,35,35,3.582,0.32,0.474,0.474,0.647,0.534,1.54,2.2,5.3917,5.3917,11.8138,11.8138,6.1132,40.078,266.05,266.05,1112.15,-2.28355137
3,35,35,3.582,0.32,0.474,0.474,1.023,0.534,1.74,1.7,5.3917,5.3917,11.8138,11.8138,7.6462,24.305,266.05,266.05,923.15,0.845324813
3,35,35,3.582,0.32,0.474,0.474,0.824,0.534,0.0017,0.57,5.3917,5.3917,11.8138,11.8138,17.4228,18.998,266.05,266.05,53.63,-8.084184434
11,35,35,1.228,0.32,0.474,0.474,3.582,0.971,0.534,2.1,5.1391,5.1391,11.8138,11.8138,5.3917,6.941,266.05,266.05,453.85,-2.69097583
11,35,35,1.228,0.32,0.474,0.474,0.388,0.971,7.13,1.5,5.1391,5.1391,11.8138,11.8138,9.3942,65.38,266.05,266.05,692.88,3.04515175
11,35,35,1.228,0.32,0.474,0.474,0.757,0.971,0.862,2.8,5.1391,5.1391,11.8138,11.8138,4.3407,39.098,266.05,266.05,336.5,-2.444645671
11,35,35,1.228,0.32,0.474,0.474,1.228,0.971,0.971,2.2,5.1391,5.1391,11.8138,11.8138,5.1391,22.99,266.05,266.05,371.15,-1.13538474
11,35,35,1.228,0.32,0.474,0.474,0.897,0.971,2.7,1.8,5.1391,5.1391,11.8138,11.8138,5.9858,26.982,266.05,266.05,933.4,2.379115725
11,35,35,1.228,0.32,0.474,0.474,0.647,0.971,1.54,2.2,5.1391,5.1391,11.8138,11.8138,6.1132,40.078,266.05,266.05,1112.15,-2.804836729
11,35,35,1.228,0.32,0.474,0.474,1.023,0.971,1.74,1.7,5.1391,5.1391,11.8138,11.8138,7.6462,24.305,266.05,266.05,923.15,1.206259149
11,35,35,1.228,0.32,0.474,0.474,0.824,0.971,0.0017,0.57,5.1391,5.1391,11.8138,11.8138,17.4228,18.998,266.05,266.05,53.63,-6.027392996
19,35,35,0.757,0.32,0.474,0.474,3.582,0.862,0.534,2.1,4.3407,4.3407,11.8138,11.8138,5.3917,6.941,266.05,266.05,453.85,-2.883519491
19,35,35,0.757,0.32,0.474,0.474,0.388,0.862,7.13,1.5,4.3407,4.3407,11.8138,11.8138,9.3942,65.38,266.05,266.05,692.88,2.42553591
19,35,35,0.757,0.32,0.474,0.474,0.757,0.862,0.862,2.8,4.3407,4.3407,11.8138,11.8138,4.3407,39.098,266.05,266.05,336.5,-2.511643159
19,35,35,0.757,0.32,0.474,0.474,1.228,0.862,0.971,2.2,4.3407,4.3407,11.8138,11.8138,5.1391,22.99,266.05,266.05,371.15,-1.197362063
19,35,35,0.757,0.32,0.474,0.474,0.897,0.862,2.7,1.8,4.3407,4.3407,11.8138,11.8138,5.9858,26.982,266.05,266.05,933.4,1.205142169
19,35,35,0.757,0.32,0.474,0.474,0.647,0.862,1.54,2.2,4.3407,4.3407,11.8138,11.8138,6.1132,40.078,266.05,266.05,1112.15,-3.323796391
19,35,35,0.757,0.32,0.474,0.474,1.023,0.862,1.74,1.7,4.3407,4.3407,11.8138,11.8138,7.6462,24.305,266.05,266.05,923.15,0.626367868
19,35,35,0.757,0.32,0.474,0.474,0.824,0.862,0.0017,0.57,4.3407,4.3407,11.8138,11.8138,17.4228,18.998,266.05,266.05,53.63,-4.606477943
37,35,35,0.363,0.32,0.474,0.474,3.582,1.53,0.534,2.1,4.1771,4.1771,11.8138,11.8138,5.3917,6.941,266.05,266.05,453.85,-3.276503915
37,35,35,0.363,0.32,0.474,0.474,0.388,1.53,7.13,1.5,4.1771,4.1771,11.8138,11.8138,9.3942,65.38,266.05,266.05,692.88,1.902425152
37,35,35,0.363,0.32,0.474,0.474,0.757,1.53,0.862,2.8,4.1771,4.1771,11.8138,11.8138,4.3407,39.098,266.05,266.05,336.5,-2.399062965
37,35,35,0.363,0.32,0.474,0.474,1.228,1.53,0.971,2.2,4.1771,4.1771,11.8138,11.8138,5.1391,22.99,266.05,266.05,371.15,-1.739525095
37,35,35,0.363,0.32,0.474,0.474,0.897,1.53,2.7,1.8,4.1771,4.1771,11.8138,11.8138,5.9858,26.982,266.05,266.05,933.4,0.427206009
37,35,35,0.363,0.32,0.474,0.474,0.647,1.53,1.54,2.2,4.1771,4.1771,11.8138,11.8138,6.1132,40.078,266.05,266.05,1112.15,-4.042427897
37,35,35,0.363,0.32,0.474,0.474,1.023,1.53,1.74,1.7,4.1771,4.1771,11.8138,11.8138,7.6462,24.305,266.05,266.05,923.15,0.178235606
37,35,35,0.363,0.32,0.474,0.474,0.824,1.53,0.0017,0.57,4.1771,4.1771,11.8138,11.8138,17.4228,18.998,266.05,266.05,53.63,-4.251472895
55,35,35,0.242,0.32,0.474,0.474,3.582,1.87,0.534,2.1,3.8939,3.8939,11.8138,11.8138,5.3917,6.941,266.05,266.05,453.85,-3.491388277
55,35,35,0.242,0.32,0.474,0.474,0.388,1.87,7.13,1.5,3.8939,3.8939,11.8138,11.8138,9.3942,65.38,266.05,266.05,692.88,0.953049684
55,35,35,0.242,0.32,0.474,0.474,0.757,1.87,0.862,2.8,3.8939,3.8939,11.8138,11.8138,4.3407,39.098,266.05,266.05,336.5,-2.890156005
55,35,35,0.242,0.32,0.474,0.474,1.228,1.87,0.971,2.2,3.8939,3.8939,11.8138,11.8138,5.1391,22.99,266.05,266.05,371.15,-1.885142082
55,35,35,0.242,0.32,0.474,0.474,0.897,1.87,2.7,1.8,3.8939,3.8939,11.8138,11.8138,5.9858,26.982,266.05,266.05,933.4,-0.716067942
55,35,35,0.242,0.32,0.474,0.474,0.647,1.87,1.54,2.2,3.8939,3.8939,11.8138,11.8138,6.1132,40.078,266.05,266.05,1112.15,-4.818146053
55,35,35,0.242,0.32,0.474,0.474,1.023,1.87,1.74,1.7,3.8939,3.8939,11.8138,11.8138,7.6462,24.305,266.05,266.05,923.15,-0.488243183
55,35,35,0.242,0.32,0.474,0.474,0.824,1.87,0.0017,0.57,3.8939,3.8939,11.8138,11.8138,17.4228,18.998,266.05,266.05,53.63,-3.878946863
3,35,35,3.582,0.228,0.474,0.474,3.582,0.534,0.534,2.1,5.3917,5.3917,11.8138,11.8138,5.3917,6.941,266.05,266.05,453.85,-3.323534529
3,35,35,3.582,0.228,0.474,0.474,0.388,0.534,7.13,1.5,5.3917,5.3917,11.8138,11.8138,9.3942,65.38,266.05,266.05,692.88,3.081298746
3,35,35,3.582,0.228,0.474,0.474,0.757,0.534,0.862,2.8,5.3917,5.3917,11.8138,11.8138,4.3407,39.098,266.05,266.05,336.5,-3.609509759
3,35,35,3.582,0.228,0.474,0.474,1.228,0.534,0.971,2.2,5.3917,5.3917,11.8138,11.8138,5.1391,22.99,266.05,266.05,371.15,-1.592874363
3,35,35,3.582,0.228,0.474,0.474,0.897,0.534,2.7,1.8,5.3917,5.3917,11.8138,11.8138,5.9858,26.982,266.05,266.05,933.4,3.04119922
3,35,35,3.582,0.228,0.474,0.474,0.647,0.534,1.54,2.2,5.3917,5.3917,11.8138,11.8138,6.1132,40.078,266.05,266.05,1112.15,-2.675458383
3,35,35,3.582,0.228,0.474,0.474,1.023,0.534,1.74,1.7,5.3917,5.3917,11.8138,11.8138,7.6462,24.305,266.05,266.05,923.15,0.487566449
3,35,35,3.582,0.228,0.474,0.474,0.824,0.534,0.0017,0.57,5.3917,5.3917,11.8138,11.8138,17.4228,18.998,266.05,266.05,53.63,-7.95174036
11,35,35,1.228,0.228,0.474,0.474,3.582,0.971,0.534,2.1,5.1391,5.1391,11.8138,11.8138,5.3917,6.941,266.05,266.05,453.85,-2.839699997
11,35,35,1.228,0.228,0.474,0.474,0.388,0.971,7.13,1.5,5.1391,5.1391,11.8138,11.8138,9.3942,65.38,266.05,266.05,692.88,2.558381046
11,35,35,1.228,0.228,0.474,0.474,0.757,0.971,0.862,2.8,5.1391,5.1391,11.8138,11.8138,4.3407,39.098,266.05,266.05,336.5,-2.698761058
11,35,35,1.228,0.228,0.474,0.474,1.228,0.971,0.971,2.2,5.1391,5.1391,11.8138,11.8138,5.1391,22.99,266.05,266.05,371.15,-1.233050877
11,35,35,1.228,0.228,0.474,0.474,0.897,0.971,2.7,1.8,5.1391,5.1391,11.8138,11.8138,5.9858,26.982,266.05,266.05,933.4,2.309209146
11,35,35,1.228,0.228,0.474,0.474,0.647,0.971,1.54,2.2,5.1391,5.1391,11.8138,11.8138,6.1132,40.078,266.05,266.05,1112.15,-3.269812888
11,35,35,1.228,0.228,0.474,0.474,1.023,0.971,1.74,1.7,5.1391,5.1391,11.8138,11.8138,7.6462,24.305,266.05,266.05,923.15,0.817946482
11,35,35,1.228,0.228,0.474,0.474,0.824,0.971,0.0017,0.57,5.1391,5.1391,11.8138,11.8138,17.4228,18.998,266.05,266.05,53.63,-5.461986229
19,35,35,0.757,0.228,0.474,0.474,3.582,0.862,0.534,2.1,4.3407,4.3407,11.8138,11.8138,5.3917,6.941,266.05,266.05,453.85,-3.072908978
19,35,35,0.757,0.228,0.474,0.474,0.388,0.862,7.13,1.5,4.3407,4.3407,11.8138,11.8138,9.3942,65.38,266.05,266.05,692.88,2.046885603
19,35,35,0.757,0.228,0.474,0.474,0.757,0.862,0.862,2.8,4.3407,4.3407,11.8138,11.8138,4.3407,39.098,266.05,266.05,336.5,-2.563643288
19,35,35,0.757,0.228,0.474,0.474,1.228,0.862,0.971,2.2,4.3407,4.3407,11.8138,11.8138,5.1391,22.99,266.05,266.05,371.15,-1.682443258
19,35,35,0.757,0.228,0.474,0.474,0.897,0.862,2.7,1.8,4.3407,4.3407,11.8138,11.8138,5.9858,26.982,266.05,266.05,933.4,1.142216712
19,35,35,0.757,0.228,0.474,0.474,0.647,0.862,1.54,2.2,4.3407,4.3407,11.8138,11.8138,6.1132,40.078,266.05,266.05,1112.15,-3.924250679
19,35,35,0.757,0.228,0.474,0.474,1.023,0.862,1.74,1.7,4.3407,4.3407,11.8138,11.8138,7.6462,24.305,266.05,266.05,923.15,0.265304223
19,35,35,0.757,0.228,0.474,0.474,0.824,0.862,0.0017,0.57,4.3407,4.3407,11.8138,11.8138,17.4228,18.998,266.05,266.05,53.63,-4.370440536
37,35,35,0.363,0.228,0.474,0.474,3.582,1.53,0.534,2.1,4.1771,4.1771,11.8138,11.8138,5.3917,6.941,266.05,266.05,453.85,-3.283149653
37,35,35,0.363,0.228,0.474,0.474,0.388,1.53,7.13,1.5,4.1771,4.1771,11.8138,11.8138,9.3942,65.38,266.05,266.05,692.88,1.654439228
37,35,35,0.363,0.228,0.474,0.474,0.757,1.53,0.862,2.8,4.1771,4.1771,11.8138,11.8138,4.3407,39.098,266.05,266.05,336.5,-2.697407787
37,35,35,0.363,0.228,0.474,0.474,1.228,1.53,0.971,2.2,4.1771,4.1771,11.8138,11.8138,5.1391,22.99,266.05,266.05,371.15,-1.687915478
37,35,35,0.363,0.228,0.474,0.474,0.897,1.53,2.7,1.8,4.1771,4.1771,11.8138,11.8138,5.9858,26.982,266.05,266.05,933.4,0.364659654
37,35,35,0.363,0.228,0.474,0.474,0.647,1.53,1.54,2.2,4.1771,4.1771,11.8138,11.8138,6.1132,40.078,266.05,266.05,1112.15,-4.396521985
37,35,35,0.363,0.228,0.474,0.474,1.023,1.53,1.74,1.7,4.1771,4.1771,11.8138,11.8138,7.6462,24.305,266.05,266.05,923.15,-0.142344015
37,35,35,0.363,0.228,0.474,0.474,0.824,1.53,0.0017,0.57,4.1771,4.1771,11.8138,11.8138,17.4228,18.998,266.05,266.05,53.63,-4.003351832
55,35,35,0.242,0.228,0.474,0.474,3.582,1.87,0.534,2.1,3.8939,3.8939,11.8138,11.8138,5.3917,6.941,266.05,266.05,453.85,-3.618727929
55,35,35,0.242,0.228,0.474,0.474,0.388,1.87,7.13,1.5,3.8939,3.8939,11.8138,11.8138,9.3942,65.38,266.05,266.05,692.88,1.01529827
55,35,35,0.242,0.228,0.474,0.474,0.757,1.87,0.862,2.8,3.8939,3.8939,11.8138,11.8138,4.3407,39.098,266.05,266.05,336.5,-2.994156912
55,35,35,0.242,0.228,0.474,0.474,1.228,1.87,0.971,2.2,3.8939,3.8939,11.8138,11.8138,5.1391,22.99,266.05,266.05,371.15,-1.863758247
55,35,35,0.242,0.228,0.474,0.474,0.897,1.87,2.7,1.8,3.8939,3.8939,11.8138,11.8138,5.9858,26.982,266.05,266.05,933.4,-0.754693335
55,35,35,0.242,0.228,0.474,0.474,0.647,1.87,1.54,2.2,3.8939,3.8939,11.8138,11.8138,6.1132,40.078,266.05,266.05,1112.15,-5.17328642
55,35,35,0.242,0.228,0.474,0.474,1.023,1.87,1.74,1.7,3.8939,3.8939,11.8138,11.8138,7.6462,24.305,266.05,266.05,923.15,-0.76016936
55,35,35,0.242,0.228,0.474,0.474,0.824,1.87,0.0017,0.57,3.8939,3.8939,11.8138,11.8138,17.4228,18.998,266.05,266.05,53.63,-3.52769741
3,35,35,3.582,0.129,0.474,0.474,3.582,0.534,0.534,2.1,5.3917,5.3917,11.8138,11.8138,5.3917,6.941,266.05,266.05,453.85,-2.629859272
3,35,35,3.582,0.129,0.474,0.474,0.388,0.534,7.13,1.5,5.3917,5.3917,11.8138,11.8138,9.3942,65.38,266.05,266.05,692.88,2.793518701
3,35,35,3.582,0.129,0.474,0.474,0.757,0.534,0.862,2.8,5.3917,5.3917,11.8138,11.8138,4.3407,39.098,266.05,266.05,336.5,-3.396844849
3,35,35,3.582,0.129,0.474,0.474,1.228,0.534,0.971,2.2,5.3917,5.3917,11.8138,11.8138,5.1391,22.99,266.05,266.05,371.15,-2.932110251
3,35,35,3.582,0.129,0.474,0.474,0.897,0.534,2.7,1.8,5.3917,5.3917,11.8138,11.8138,5.9858,26.982,266.05,266.05,933.4,0.568969699
3,35,35,3.582,0.129,0.474,0.474,0.647,0.534,1.54,2.2,5.3917,5.3917,11.8138,11.8138,6.1132,40.078,266.05,266.05,1112.15,-3.481208078
3,35,35,3.582,0.129,0.474,0.474,1.023,0.534,1.74,1.7,5.3917,5.3917,11.8138,11.8138,7.6462,24.305,266.05,266.05,923.15,0.41862778
3,35,35,3.582,0.129,0.474,0.474,0.824,0.534,0.0017,0.57,5.3917,5.3917,11.8138,11.8138,17.4228,18.998,266.05,266.05,53.63,-7.577180309
11,35,35,1.228,0.129,0.474,0.474,3.582,0.971,0.534,2.1,5.1391,5.1391,11.8138,11.8138,5.3917,6.941,266.05,266.05,453.85,-3.208354722
11,35,35,1.228,0.129,0.474,0.474,0.388,0.971,7.13,1.5,5.1391,5.1391,11.8138,11.8138,9.3942,65.38,266.05,266.05,692.88,2.339983328
11,35,35,1.228,0.129,0.474,0.474,0.757,0.971,0.862,2.8,5.1391,5.1391,11.8138,11.8138,4.3407,39.098,266.05,266.05,336.5,-3.090886542
11,35,35,1.228,0.129,0.474,0.474,1.228,0.971,0.971,2.2,5.1391,5.1391,11.8138,11.8138,5.1391,22.99,266.05,266.05,371.15,-2.235478592
11,35,35,1.228,0.129,0.474,0.474,0.897,0.971,2.7,1.8,5.1391,5.1391,11.8138,11.8138,5.9858,26.982,266.05,266.05,933.4,3.194554868
11,35,35,1.228,0.129,0.474,0.474,0.647,0.971,1.54,2.2,5.1391,5.1391,11.8138,11.8138,6.1132,40.078,266.05,266.05,1112.15,-3.763210792
11,35,35,1.228,0.129,0.474,0.474,1.023,0.971,1.74,1.7,5.1391,5.1391,11.8138,11.8138,7.6462,24.305,266.05,266.05,923.15,-1.367225082
11,35,35,1.228,0.129,0.474,0.474,0.824,0.971,0.0017,0.57,5.1391,5.1391,11.8138,11.8138,17.4228,18.998,266.05,266.05,53.63,-5.921768822
19,35,35,0.757,0.129,0.474,0.474,3.582,0.862,0.534,2.1,4.3407,4.3407,11.8138,11.8138,5.3917,6.941,266.05,266.05,453.85,-3.251266291
19,35,35,0.757,0.129,0.474,0.474,0.388,0.862,7.13,1.5,4.3407,4.3407,11.8138,11.8138,9.3942,65.38,266.05,266.05,692.88,1.961799659
19,35,35,0.757,0.129,0.474,0.474,0.757,0.862,0.862,2.8,4.3407,4.3407,11.8138,11.8138,4.3407,39.098,266.05,266.05,336.5,-2.697098285
19,35,35,0.757,0.129,0.474,0.474,1.228,0.862,0.971,2.2,4.3407,4.3407,11.8138,11.8138,5.1391,22.99,266.05,266.05,371.15,-1.937367321
19,35,35,0.757,0.129,0.474,0.474,0.897,0.862,2.7,1.8,4.3407,4.3407,11.8138,11.8138,5.9858,26.982,266.05,266.05,933.4,2.155314893
19,35,35,0.757,0.129,0.474,0.474,0.647,0.862,1.54,2.2,4.3407,4.3407,11.8138,11.8138,6.1132,40.078,266.05,266.05,1112.15,-4.163995735
19,35,35,0.757,0.129,0.474,0.474,1.023,0.862,1.74,1.7,4.3407,4.3407,11.8138,11.8138,7.6462,24.305,266.05,266.05,923.15,-0.081841731
19,35,35,0.757,0.129,0.474,0.474,0.824,0.862,0.0017,0.57,4.3407,4.3407,11.8138,11.8138,17.4228,18.998,266.05,266.05,53.63,-4.255445634
37,35,35,0.363,0.129,0.474,0.474,3.582,1.53,0.534,2.1,4.1771,4.1771,11.8138,11.8138,5.3917,6.941,266.05,266.05,453.85,-3.422556462
37,35,35,0.363,0.129,0.474,0.474,0.388,1.53,7.13,1.5,4.1771,4.1771,11.8138,11.8138,9.3942,65.38,266.05,266.05,692.88,1.50145417
37,35,35,0.363,0.129,0.474,0.474,0.757,1.53,0.862,2.8,4.1771,4.1771,11.8138,11.8138,4.3407,39.098,266.05,266.05,336.5,-2.839820998
37,35,35,0.363,0.129,0.474,0.474,1.228,1.53,0.971,2.2,4.1771,4.1771,11.8138,11.8138,5.1391,22.99,266.05,266.05,371.15,-2.024826475
37,35,35,0.363,0.129,0.474,0.474,0.897,1.53,2.7,1.8,4.1771,4.1771,11.8138,11.8138,5.9858,26.982,266.05,266.05,933.4,1.449149644
37,35,35,0.363,0.129,0.474,0.474,0.647,1.53,1.54,2.2,4.1771,4.1771,11.8138,11.8138,6.1132,40.078,266.05,266.05,1112.15,-4.922604798
37,35,35,0.363,0.129,0.474,0.474,1.023,1.53,1.74,1.7,4.1771,4.1771,11.8138,11.8138,7.6462,24.305,266.05,266.05,923.15,-0.49769957
37,35,35,0.363,0.129,0.474,0.474,0.824,1.53,0.0017,0.57,4.1771,4.1771,11.8138,11.8138,17.4228,18.998,266.05,266.05,53.63,-3.763873228
55,35,35,0.242,0.129,0.474,0.474,3.582,1.87,0.534,2.1,3.8939,3.8939,11.8138,11.8138,5.3917,6.941,266.05,266.05,453.85,-3.585963918
55,35,35,0.242,0.129,0.474,0.474,0.388,1.87,7.13,1.5,3.8939,3.8939,11.8138,11.8138,9.3942,65.38,266.05,266.05,692.88,0.712497018
55,35,35,0.242,0.129,0.474,0.474,0.757,1.87,0.862,2.8,3.8939,3.8939,11.8138,11.8138,4.3407,39.098,266.05,266.05,336.5,-3.10960854
55,35,35,0.242,0.129,0.474,0.474,1.228,1.87,0.971,2.2,3.8939,3.8939,11.8138,11.8138,5.1391,22.99,266.05,266.05,371.15,-1.988023562
55,35,35,0.242,0.129,0.474,0.474,0.897,1.87,2.7,1.8,3.8939,3.8939,11.8138,11.8138,5.9858,26.982,266.05,266.05,933.4,0.267880575
55,35,35,0.242,0.129,0.474,0.474,0.647,1.87,1.54,2.2,3.8939,3.8939,11.8138,11.8138,6.1132,40.078,266.05,266.05,1112.15,-5.670890481
55,35,35,0.242,0.129,0.474,0.474,1.023,1.87,1.74,1.7,3.8939,3.8939,11.8138,11.8138,7.6462,24.305,266.05,266.05,923.15,-1.042678632
55,35,35,0.242,0.129,0.474,0.474,0.824,1.87,0.0017,0.57,3.8939,3.8939,11.8138,11.8138,17.4228,18.998,266.05,266.05,53.63,-3.320683492
3,53,53,3.582,0.32,0.214,0.214,3.582,0.534,0.534,2.1,5.3917,5.3917,10.4513,10.4513,5.3917,6.941,386.65,386.65,453.85,-2.896874273
3,53,53,3.582,0.32,0.214,0.214,0.388,0.534,7.13,1.5,5.3917,5.3917,10.4513,10.4513,9.3942,65.38,386.65,386.65,692.88,1.946509322
3,53,53,3.582,0.32,0.214,0.214,0.757,0.534,0.862,2.8,5.3917,5.3917,10.4513,10.4513,4.3407,39.098,386.65,386.65,336.5,-3.263341069
3,53,53,3.582,0.32,0.214,0.214,1.228,0.534,0.971,2.2,5.3917,5.3917,10.4513,10.4513,5.1391,22.99,386.65,386.65,371.15,-2.519109838
3,53,53,3.582,0.32,0.214,0.214,0.897,0.534,2.7,1.8,5.3917,5.3917,10.4513,10.4513,5.9858,26.982,386.65,386.65,933.4,2.153486384
3,53,53,3.582,0.32,0.214,0.214,0.647,0.534,1.54,2.2,5.3917,5.3917,10.4513,10.4513,6.1132,40.078,386.65,386.65,1112.15,-3.5020574
3,53,53,3.582,0.32,0.214,0.214,1.023,0.534,1.74,1.7,5.3917,5.3917,10.4513,10.4513,7.6462,24.305,386.65,386.65,923.15,-0.311828017
3,53,53,3.582,0.32,0.214,0.214,0.824,0.534,0.0017,0.57,5.3917,5.3917,10.4513,10.4513,17.4228,18.998,386.65,386.65,53.63,-6.673732386
11,53,53,1.228,0.32,0.214,0.214,3.582,0.971,0.534,2.1,5.1391,5.1391,10.4513,10.4513,5.3917,6.941,386.65,386.65,453.85,-3.339728773
11,53,53,1.228,0.32,0.214,0.214,0.388,0.971,7.13,1.5,5.1391,5.1391,10.4513,10.4513,9.3942,65.38,386.65,386.65,692.88,1.283746535
11,53,53,1.228,0.32,0.214,0.214,0.757,0.971,0.862,2.8,5.1391,5.1391,10.4513,10.4513,4.3407,39.098,386.65,386.65,336.5,-2.911618234
11,53,53,1.228,0.32,0.214,0.214,1.228,0.971,0.971,2.2,5.1391,5.1391,10.4513,10.4513,5.1391,22.99,386.65,386.65,371.15,-2.244245986
11,53,53,1.228,0.32,0.214,0.214,0.897,0.971,2.7,1.8,5.1391,5.1391,10.4513,10.4513,5.9858,26.982,386.65,386.65,933.4,1.308457481
11,53,53,1.228,0.32,0.214,0.214,0.647,0.971,1.54,2.2,5.1391,5.1391,10.4513,10.4513,6.1132,40.078,386.65,386.65,1112.15,-4.087381641
11,53,53,1.228,0.32,0.214,0.214,1.023,0.971,1.74,1.7,5.1391,5.1391,10.4513,10.4513,7.6462,24.305,386.65,386.65,923.15,-0.045381935
11,53,53,1.228,0.32,0.214,0.214,0.824,0.971,0.0017,0.57,5.1391,5.1391,10.4513,10.4513,17.4228,18.998,386.65,386.65,53.63,-4.868616741
19,53,53,0.757,0.32,0.214,0.214,3.582,0.862,0.534,2.1,4.3407,4.3407,10.4513,10.4513,5.3917,6.941,386.65,386.65,453.85,-3.570042727
19,53,53,0.757,0.32,0.214,0.214,0.388,0.862,7.13,1.5,4.3407,4.3407,10.4513,10.4513,9.3942,65.38,386.65,386.65,692.88,0.615274524
19,53,53,0.757,0.32,0.214,0.214,0.757,0.862,0.862,2.8,4.3407,4.3407,10.4513,10.4513,4.3407,39.098,386.65,386.65,336.5,-3.000425173
19,53,53,0.757,0.32,0.214,0.214,1.228,0.862,0.971,2.2,4.3407,4.3407,10.4513,10.4513,5.1391,22.99,386.65,386.65,371.15,-2.169208992
19,53,53,0.757,0.32,0.214,0.214,0.897,0.862,2.7,1.8,4.3407,4.3407,10.4513,10.4513,5.9858,26.982,386.65,386.65,933.4,-0.063778507
19,53,53,0.757,0.32,0.214,0.214,0.647,0.862,1.54,2.2,4.3407,4.3407,10.4513,10.4513,6.1132,40.078,386.65,386.65,1112.15,-4.819501567
19,53,53,0.757,0.32,0.214,0.214,1.023,0.862,1.74,1.7,4.3407,4.3407,10.4513,10.4513,7.6462,24.305,386.65,386.65,923.15,-0.690465708
19,53,53,0.757,0.32,0.214,0.214,0.824,0.862,0.0017,0.57,4.3407,4.3407,10.4513,10.4513,17.4228,18.998,386.65,386.65,53.63,-4.088727741
37,53,53,0.363,0.32,0.214,0.214,3.582,1.53,0.534,2.1,4.1771,4.1771,10.4513,10.4513,5.3917,6.941,386.65,386.65,453.85,-3.6995217
37,53,53,0.363,0.32,0.214,0.214,0.388,1.53,7.13,1.5,4.1771,4.1771,10.4513,10.4513,9.3942,65.38,386.65,386.65,692.88,0.499425599
37,53,53,0.363,0.32,0.214,0.214,0.757,1.53,0.862,2.8,4.1771,4.1771,10.4513,10.4513,4.3407,39.098,386.65,386.65,336.5,-3.156836351
37,53,53,0.363,0.32,0.214,0.214,1.228,1.53,0.971,2.2,4.1771,4.1771,10.4513,10.4513,5.1391,22.99,386.65,386.65,371.15,-1.991794827
37,53,53,0.363,0.32,0.214,0.214,0.897,1.53,2.7,1.8,4.1771,4.1771,10.4513,10.4513,5.9858,26.982,386.65,386.65,933.4,-0.617390147
37,53,53,0.363,0.32,0.214,0.214,0.647,1.53,1.54,2.2,4.1771,4.1771,10.4513,10.4513,6.1132,40.078,386.65,386.65,1112.15,-5.108031851
37,53,53,0.363,0.32,0.214,0.214,1.023,1.53,1.74,1.7,4.1771,4.1771,10.4513,10.4513,7.6462,24.305,386.65,386.65,923.15,-0.97442747
37,53,53,0.363,0.32,0.214,0.214,0.824,1.53,0.0017,0.57,4.1771,4.1771,10.4513,10.4513,17.4228,18.998,386.65,386.65,53.63,-3.602593513
55,53,53,0.242,0.32,0.214,0.214,3.582,1.87,0.534,2.1,3.8939,3.8939,10.4513,10.4513,5.3917,6.941,386.65,386.65,453.85,-3.995653647
55,53,53,0.242,0.32,0.214,0.214,0.388,1.87,7.13,1.5,3.8939,3.8939,10.4513,10.4513,9.3942,65.38,386.65,386.65,692.88,-0.083450109
55,53,53,0.242,0.32,0.214,0.214,0.757,1.87,0.862,2.8,3.8939,3.8939,10.4513,10.4513,4.3407,39.098,386.65,386.65,336.5,-3.257371416
55,53,53,0.242,0.32,0.214,0.214,1.228,1.87,0.971,2.2,3.8939,3.8939,10.4513,10.4513,5.1391,22.99,386.65,386.65,371.15,-2.272015647
55,53,53,0.242,0.32,0.214,0.214,0.897,1.87,2.7,1.8,3.8939,3.8939,10.4513,10.4513,5.9858,26.982,386.65,386.65,933.4,-1.674917321
55,53,53,0.242,0.32,0.214,0.214,0.647,1.87,1.54,2.2,3.8939,3.8939,10.4513,10.4513,6.1132,40.078,386.65,386.65,1112.15,-3.89216521
55,53,53,0.242,0.32,0.214,0.214,1.023,1.87,1.74,1.7,3.8939,3.8939,10.4513,10.4513,7.6462,24.305,386.65,386.65,923.15,-1.578579333
55,53,53,0.242,0.32,0.214,0.214,0.824,1.87,0.0017,0.57,3.8939,3.8939,10.4513,10.4513,17.4228,18.998,386.65,386.65,53.63,-3.219533915
3,53,53,3.582,0.228,0.214,0.214,3.582,0.534,0.534,2.1,5.3917,5.3917,10.4513,10.4513,5.3917,6.941,386.65,386.65,453.85,-3.043420917
3,53,53,3.582,0.228,0.214,0.214,0.388,0.534,7.13,1.5,5.3917,5.3917,10.4513,10.4513,9.3942,65.38,386.65,386.65,692.88,1.348589968
3,53,53,3.582,0.228,0.214,0.214,0.757,0.534,0.862,2.8,5.3917,5.3917,10.4513,10.4513,4.3407,39.098,386.65,386.65,336.5,-3.508765594
3,53,53,3.582,0.228,0.214,0.214,1.228,0.534,0.971,2.2,5.3917,5.3917,10.4513,10.4513,5.1391,22.99,386.65,386.65,371.15,-1.509997419
3,53,53,3.582,0.228,0.214,0.214,0.897,0.534,2.7,1.8,5.3917,5.3917,10.4513,10.4513,5.9858,26.982,386.65,386.65,933.4,1.590966762
3,53,53,3.582,0.228,0.214,0.214,0.647,0.534,1.54,2.2,5.3917,5.3917,10.4513,10.4513,6.1132,40.078,386.65,386.65,1112.15,-4.046300787
3,53,53,3.582,0.228,0.214,0.214,1.023,0.534,1.74,1.7,5.3917,5.3917,10.4513,10.4513,7.6462,24.305,386.65,386.65,923.15,0.110027942
3,53,53,3.582,0.228,0.214,0.214,0.824,0.534,0.0017,0.57,5.3917,5.3917,10.4513,10.4513,17.4228,18.998,386.65,386.65,53.63,-6.766782712
11,53,53,1.228,0.228,0.214,0.214,3.582,0.971,0.534,2.1,5.1391,5.1391,10.4513,10.4513,5.3917,6.941,386.65,386.65,453.85,-3.755186833
11,53,53,1.228,0.228,0.214,0.214,0.388,0.971,7.13,1.5,5.1391,5.1391,10.4513,10.4513,9.3942,65.38,386.65,386.65,692.88,1.123357933
11,53,53,1.228,0.228,0.214,0.214,0.757,0.971,0.862,2.8,5.1391,5.1391,10.4513,10.4513,4.3407,39.098,386.65,386.65,336.5,-3.202380854
11,53,53,1.228,0.228,0.214,0.214,1.228,0.971,0.971,2.2,5.1391,5.1391,10.4513,10.4513,5.1391,22.99,386.65,386.65,371.15,-1.867441781
11,53,53,1.228,0.228,0.214,0.214,0.897,0.971,2.7,1.8,5.1391,5.1391,10.4513,10.4513,5.9858,26.982,386.65,386.65,933.4,0.7145222
11,53,53,1.228,0.228,0.214,0.214,0.647,0.971,1.54,2.2,5.1391,5.1391,10.4513,10.4513,6.1132,40.078,386.65,386.65,1112.15,-4.426068347
11,53,53,1.228,0.228,0.214,0.214,1.023,0.971,1.74,1.7,5.1391,5.1391,10.4513,10.4513,7.6462,24.305,386.65,386.65,923.15,-0.511066085
11,53,53,1.228,0.228,0.214,0.214,0.824,0.971,0.0017,0.57,5.1391,5.1391,10.4513,10.4513,17.4228,18.998,386.65,386.65,53.63,-4.883217029
19,53,53,0.757,0.228,0.214,0.214,3.582,0.862,0.534,2.1,4.3407,4.3407,10.4513,10.4513,5.3917,6.941,386.65,386.65,453.85,-3.794548876
19,53,53,0.757,0.228,0.214,0.214,0.388,0.862,7.13,1.5,4.3407,4.3407,10.4513,10.4513,9.3942,65.38,386.65,386.65,692.88,0.310069093
19,53,53,0.757,0.228,0.214,0.214,0.757,0.862,0.862,2.8,4.3407,4.3407,10.4513,10.4513,4.3407,39.098,386.65,386.65,336.5,-3.20444936
19,53,53,0.757,0.228,0.214,0.214,1.228,0.862,0.971,2.2,4.3407,4.3407,10.4513,10.4513,5.1391,22.99,386.65,386.65,371.15,-2.397775014
19,53,53,0.757,0.228,0.214,0.214,0.897,0.862,2.7,1.8,4.3407,4.3407,10.4513,10.4513,5.9858,26.982,386.65,386.65,933.4,-0.646758806
19,53,53,0.757,0.228,0.214,0.214,0.647,0.862,1.54,2.2,4.3407,4.3407,10.4513,10.4513,6.1132,40.078,386.65,386.65,1112.15,-5.28423727
19,53,53,0.757,0.228,0.214,0.214,1.023,0.862,1.74,1.7,4.3407,4.3407,10.4513,10.4513,7.6462,24.305,386.65,386.65,923.15,-1.068761305
19,53,53,0.757,0.228,0.214,0.214,0.824,0.862,0.0017,0.57,4.3407,4.3407,10.4513,10.4513,17.4228,18.998,386.65,386.65,53.63,-3.846102305
37,53,53,0.363,0.228,0.214,0.214,3.582,1.53,0.534,2.1,4.1771,4.1771,10.4513,10.4513,5.3917,6.941,386.65,386.65,453.85,-3.778757961
37,53,53,0.363,0.228,0.214,0.214,0.388,1.53,7.13,1.5,4.1771,4.1771,10.4513,10.4513,9.3942,65.38,386.65,386.65,692.88,0.083589941
37,53,53,0.363,0.228,0.214,0.214,0.757,1.53,0.862,2.8,4.1771,4.1771,10.4513,10.4513,4.3407,39.098,386.65,386.65,336.5,-3.126879175
37,53,53,0.363,0.228,0.214,0.214,1.228,1.53,0.971,2.2,4.1771,4.1771,10.4513,10.4513,5.1391,22.99,386.65,386.65,371.15,-2.208251047
37,53,53,0.363,0.228,0.214,0.214,0.897,1.53,2.7,1.8,4.1771,4.1771,10.4513,10.4513,5.9858,26.982,386.65,386.65,933.4,-1.133500626
37,53,53,0.363,0.228,0.214,0.214,0.647,1.53,1.54,2.2,4.1771,4.1771,10.4513,10.4513,6.1132,40.078,386.65,386.65,1112.15,-5.615487243
37,53,53,0.363,0.228,0.214,0.214,1.023,1.53,1.74,1.7,4.1771,4.1771,10.4513,10.4513,7.6462,24.305,386.65,386.65,923.15,-1.411099095
37,53,53,0.363,0.228,0.214,0.214,0.824,1.53,0.0017,0.57,4.1771,4.1771,10.4513,10.4513,17.4228,18.998,386.65,386.65,53.63,-3.323739068
55,53,53,0.242,0.228,0.214,0.214,3.582,1.87,0.534,2.1,3.8939,3.8939,10.4513,10.4513,5.3917,6.941,386.65,386.65,453.85,-4.064306744
55,53,53,0.242,0.228,0.214,0.214,0.388,1.87,7.13,1.5,3.8939,3.8939,10.4513,10.4513,9.3942,65.38,386.65,386.65,692.88,-0.606153225
55,53,53,0.242,0.228,0.214,0.214,0.757,1.87,0.862,2.8,3.8939,3.8939,10.4513,10.4513,4.3407,39.098,386.65,386.65,336.5,-3.382505205
55,53,53,0.242,0.228,0.214,0.214,1.228,1.87,0.971,2.2,3.8939,3.8939,10.4513,10.4513,5.1391,22.99,386.65,386.65,371.15,-2.638980799
55,53,53,0.242,0.228,0.214,0.214,0.897,1.87,2.7,1.8,3.8939,3.8939,10.4513,10.4513,5.9858,26.982,386.65,386.65,933.4,-2.188401622
55,53,53,0.242,0.228,0.214,0.214,0.647,1.87,1.54,2.2,3.8939,3.8939,10.4513,10.4513,6.1132,40.078,386.65,386.65,1112.15,-6.258671298
55,53,53,0.242,0.228,0.214,0.214,1.023,1.87,1.74,1.7,3.8939,3.8939,10.4513,10.4513,7.6462,24.305,386.65,386.65,923.15,-2.045388142
55,53,53,0.242,0.228,0.214,0.214,0.824,1.87,0.0017,0.57,3.8939,3.8939,10.4513,10.4513,17.4228,18.998,386.65,386.65,53.63,-2.926091521
3,53,53,3.582,0.129,0.214,0.214,3.582,0.534,0.534,2.1,5.3917,5.3917,10.4513,10.4513,5.3917,6.941,386.65,386.65,453.85,-3.316989417
3,53,53,3.582,0.129,0.214,0.214,0.388,0.534,7.13,1.5,5.3917,5.3917,10.4513,10.4513,9.3942,65.38,386.65,386.65,692.88,0.416587415
3,53,53,3.582,0.129,0.214,0.214,0.757,0.534,0.862,2.8,5.3917,5.3917,10.4513,10.4513,4.3407,39.098,386.65,386.65,336.5,-3.95060446
3,53,53,3.582,0.129,0.214,0.214,1.228,0.534,0.971,2.2,5.3917,5.3917,10.4513,10.4513,5.1391,22.99,386.65,386.65,371.15,-3.288874495
3,53,53,3.582,0.129,0.214,0.214,0.897,0.534,2.7,1.8,5.3917,5.3917,10.4513,10.4513,5.9858,26.982,386.65,386.65,933.4,1.872285546
3,53,53,3.582,0.129,0.214,0.214,0.647,0.534,1.54,2.2,5.3917,5.3917,10.4513,10.4513,6.1132,40.078,386.65,386.65,1112.15,-4.633142635
3,53,53,3.582,0.129,0.214,0.214,1.023,0.534,1.74,1.7,5.3917,5.3917,10.4513,10.4513,7.6462,24.305,386.65,386.65,923.15,-0.904787285
3,53,53,3.582,0.129,0.214,0.214,0.824,0.534,0.0017,0.57,5.3917,5.3917,10.4513,10.4513,17.4228,18.998,386.65,386.65,53.63,-5.775736413
11,53,53,1.228,0.129,0.214,0.214,3.582,0.971,0.534,2.1,5.1391,5.1391,10.4513,10.4513,5.3917,6.941,386.65,386.65,453.85,-3.6735151
11,53,53,1.228,0.129,0.214,0.214,0.388,0.971,7.13,1.5,5.1391,5.1391,10.4513,10.4513,9.3942,65.38,386.65,386.65,692.88,0.81813289
11,53,53,1.228,0.129,0.214,0.214,0.757,0.971,0.862,2.8,5.1391,5.1391,10.4513,10.4513,4.3407,39.098,386.65,386.65,336.5,-3.25716876
11,53,53,1.228,0.129,0.214,0.214,1.228,0.971,0.971,2.2,5.1391,5.1391,10.4513,10.4513,5.1391,22.99,386.65,386.65,371.15,-2.08767269
11,53,53,1.228,0.129,0.214,0.214,0.897,0.971,2.7,1.8,5.1391,5.1391,10.4513,10.4513,5.9858,26.982,386.65,386.65,933.4,-1.84506027
11,53,53,1.228,0.129,0.214,0.214,0.647,0.971,1.54,2.2,5.1391,5.1391,10.4513,10.4513,6.1132,40.078,386.65,386.65,1112.15,-4.98395128
11,53,53,1.228,0.129,0.214,0.214,1.023,0.971,1.74,1.7,5.1391,5.1391,10.4513,10.4513,7.6462,24.305,386.65,386.65,923.15,-0.79706633
11,53,53,1.228,0.129,0.214,0.214,0.824,0.971,0.0017,0.57,5.1391,5.1391,10.4513,10.4513,17.4228,18.998,386.65,386.65,53.63,-4.42943892
19,53,53,0.757,0.129,0.214,0.214,3.582,0.862,0.534,2.1,4.3407,4.3407,10.4513,10.4513,5.3917,6.941,386.65,386.65,453.85,-3.93326822
19,53,53,0.757,0.129,0.214,0.214,0.388,0.862,7.13,1.5,4.3407,4.3407,10.4513,10.4513,9.3942,65.38,386.65,386.65,692.88,0.28093726
19,53,53,0.757,0.129,0.214,0.214,0.757,0.862,0.862,2.8,4.3407,4.3407,10.4513,10.4513,4.3407,39.098,386.65,386.65,336.5,-3.24094263
19,53,53,0.757,0.129,0.214,0.214,1.228,0.862,0.971,2.2,4.3407,4.3407,10.4513,10.4513,5.1391,22.99,386.65,386.65,371.15,-2.38105073
19,53,53,0.757,0.129,0.214,0.214,0.897,0.862,2.7,1.8,4.3407,4.3407,10.4513,10.4513,5.9858,26.982,386.65,386.65,933.4,-0.43401691
19,53,53,0.757,0.129,0.214,0.214,0.647,0.862,1.54,2.2,4.3407,4.3407,10.4513,10.4513,6.1132,40.078,386.65,386.65,1112.15,-5.61925778
19,53,53,0.757,0.129,0.214,0.214,1.023,0.862,1.74,1.7,4.3407,4.3407,10.4513,10.4513,7.6462,24.305,386.65,386.65,923.15,-1.19562479
19,53,53,0.757,0.129,0.214,0.214,0.824,0.862,0.0017,0.57,4.3407,4.3407,10.4513,10.4513,17.4228,18.998,386.65,386.65,53.63,-3.53650962
37,53,53,0.363,0.129,0.214,0.214,3.582,1.53,0.534,2.1,4.1771,4.1771,10.4513,10.4513,5.3917,6.941,386.65,386.65,453.85,-3.96367056
37,53,53,0.363,0.129,0.214,0.214,0.388,1.53,7.13,1.5,4.1771,4.1771,10.4513,10.4513,9.3942,65.38,386.65,386.65,692.88,-0.13691434
37,53,53,0.363,0.129,0.214,0.214,0.757,1.53,0.862,2.8,4.1771,4.1771,10.4513,10.4513,4.3407,39.098,386.65,386.65,336.5,-3.31398576
37,53,53,0.363,0.129,0.214,0.214,1.228,1.53,0.971,2.2,4.1771,4.1771,10.4513,10.4513,5.1391,22.99,386.65,386.65,371.15,-2.2727312
37,53,53,0.363,0.129,0.214,0.214,0.897,1.53,2.7,1.8,4.1771,4.1771,10.4513,10.4513,5.9858,26.982,386.65,386.65,933.4,-1.269125
37,53,53,0.363,0.129,0.214,0.214,0.647,1.53,1.54,2.2,4.1771,4.1771,10.4513,10.4513,6.1132,40.078,386.65,386.65,1112.15,-6.05673102
37,53,53,0.363,0.129,0.214,0.214,1.023,1.53,1.74,1.7,4.1771,4.1771,10.4513,10.4513,7.6462,24.305,386.65,386.65,923.15,-1.69335811
37,53,53,0.363,0.129,0.214,0.214,0.824,1.53,0.0017,0.57,4.1771,4.1771,10.4513,10.4513,17.4228,18.998,386.65,386.65,53.63,-3.07913861
55,53,53,0.242,0.129,0.214,0.214,3.582,1.87,0.534,2.1,3.8939,3.8939,10.4513,10.4513,5.3917,6.941,386.65,386.65,453.85,-4.30445886
55,53,53,0.242,0.129,0.214,0.214,0.388,1.87,7.13,1.5,3.8939,3.8939,10.4513,10.4513,9.3942,65.38,386.65,386.65,692.88,-0.71410464
55,53,53,0.242,0.129,0.214,0.214,0.757,1.87,0.862,2.8,3.8939,3.8939,10.4513,10.4513,4.3407,39.098,386.65,386.65,336.5,-3.73375114
55,53,53,0.242,0.129,0.214,0.214,1.228,1.87,0.971,2.2,3.8939,3.8939,10.4513,10.4513,5.1391,22.99,386.65,386.65,371.15,-2.55508241
55,53,53,0.242,0.129,0.214,0.214,0.897,1.87,2.7,1.8,3.8939,3.8939,10.4513,10.4513,5.9858,26.982,386.65,386.65,933.4,-2.33855126
55,53,53,0.242,0.129,0.214,0.214,0.647,1.87,1.54,2.2,3.8939,3.8939,10.4513,10.4513,6.1132,40.078,386.65,386.65,1112.15,-6.69776263
55,53,53,0.242,0.129,0.214,0.214,1.023,1.87,1.74,1.7,3.8939,3.8939,10.4513,10.4513,7.6462,24.305,386.65,386.65,923.15,-2.27567059
55,53,53,0.242,0.129,0.214,0.214,0.824,1.87,0.0017,0.57,3.8939,3.8939,10.4513,10.4513,17.4228,18.998,386.65,386.65,53.63,-2.62309955
3,9,9,3.582,0.32,0.824,0.824,3.582,0.971,0.534,2.1,5.3917,5.1391,17.4228,17.4228,5.3917,6.941,53.63,53.63,453.85,-5.628848848
3,9,9,3.582,0.32,0.824,0.824,0.388,0.971,7.13,1.5,5.3917,5.1391,17.4228,17.4228,9.3942,65.38,53.63,53.63,692.88,0.46119047
3,9,9,3.582,0.32,0.824,0.824,0.757,0.971,0.862,2.8,5.3917,5.1391,17.4228,17.4228,4.3407,39.098,53.63,53.63,336.5,-5.788894863
3,9,9,3.582,0.32,0.824,0.824,1.228,0.971,0.971,2.2,5.3917,5.1391,17.4228,17.4228,5.1391,22.99,53.63,53.63,371.15,-4.771051435
3,9,9,3.582,0.32,0.824,0.824,0.897,0.971,2.7,1.8,5.3917,5.1391,17.4228,17.4228,5.9858,26.982,53.63,53.63,933.4,3.053174502
3,9,9,3.582,0.32,0.824,0.824,0.647,0.971,1.54,2.2,5.3917,5.1391,17.4228,17.4228,6.1132,40.078,53.63,53.63,1112.15,-4.350135228
3,9,9,3.582,0.32,0.824,0.824,1.023,0.971,1.74,1.7,5.3917,5.1391,17.4228,17.4228,7.6462,24.305,53.63,53.63,923.15,-2.956228987
3,9,9,3.582,0.32,0.824,0.824,0.824,0.971,0.0017,0.57,5.3917,5.1391,17.4228,17.4228,17.4228,18.998,53.63,53.63,53.63,-10.68953885
11,18,18,1.228,0.32,0.479,0.479,3.582,0.862,0.534,2.1,5.1391,4.3407,12.9676,12.9676,5.3917,6.941,172.31,172.31,453.85,-3.037949263
11,18,18,1.228,0.32,0.479,0.479,0.388,0.862,7.13,1.5,5.1391,4.3407,12.9676,12.9676,9.3942,65.38,172.31,172.31,692.88,3.110428896
11,18,18,1.228,0.32,0.479,0.479,0.757,0.862,0.862,2.8,5.1391,4.3407,12.9676,12.9676,4.3407,39.098,172.31,172.31,336.5,-2.84855708
11,18,18,1.228,0.32,0.479,0.479,1.228,0.862,0.971,2.2,5.1391,4.3407,12.9676,12.9676,5.1391,22.99,172.31,172.31,371.15,-1.390329103
11,18,18,1.228,0.32,0.479,0.479,0.897,0.862,2.7,1.8,5.1391,4.3407,12.9676,12.9676,5.9858,26.982,172.31,172.31,933.4,2.112454689
11,18,18,1.228,0.32,0.479,0.479,0.647,0.862,1.54,2.2,5.1391,4.3407,12.9676,12.9676,6.1132,40.078,172.31,172.31,1112.15,-2.345213996
11,18,18,1.228,0.32,0.479,0.479,1.023,0.862,1.74,1.7,5.1391,4.3407,12.9676,12.9676,7.6462,24.305,172.31,172.31,923.15,1.209911129
11,18,18,1.228,0.32,0.479,0.479,0.824,0.862,0.0017,0.57,5.1391,4.3407,12.9676,12.9676,17.4228,18.998,172.31,172.31,53.63,-6.400817426
19,18,18,0.757,0.228,0.479,0.479,3.582,1.87,0.534,2.1,4.3407,3.8939,12.9676,12.9676,5.3917,6.941,172.31,172.31,453.85,-3.11754651
19,18,18,0.757,0.228,0.479,0.479,0.388,1.87,7.13,1.5,4.3407,3.8939,12.9676,12.9676,9.3942,65.38,172.31,172.31,692.88,2.689901216
19,18,18,0.757,0.228,0.479,0.479,0.757,1.87,0.862,2.8,4.3407,3.8939,12.9676,12.9676,4.3407,39.098,172.31,172.31,336.5,-2.2892919
19,18,18,0.757,0.228,0.479,0.479,1.228,1.87,0.971,2.2,4.3407,3.8939,12.9676,12.9676,5.1391,22.99,172.31,172.31,371.15,-1.216871748
19,18,18,0.757,0.228,0.479,0.479,0.897,1.87,2.7,1.8,4.3407,3.8939,12.9676,12.9676,5.9858,26.982,172.31,172.31,933.4,1.080513515
19,18,18,0.757,0.228,0.479,0.479,0.647,1.87,1.54,2.2,4.3407,3.8939,12.9676,12.9676,6.1132,40.078,172.31,172.31,1112.15,-3.650217045
19,18,18,0.757,0.228,0.479,0.479,1.023,1.87,1.74,1.7,4.3407,3.8939,12.9676,12.9676,7.6462,24.305,172.31,172.31,923.15,-1.172353361
19,18,18,0.757,0.228,0.479,0.479,0.824,1.87,0.0017,0.57,4.3407,3.8939,12.9676,12.9676,17.4228,18.998,172.31,172.31,53.63,-4.425981741
3,35,35,3.582,0.228,0.474,0.474,3.582,0.862,0.534,2.1,5.3917,4.3407,11.8138,11.8138,5.3917,6.941,266.05,266.05,453.85,-2.681618007
3,35,35,3.582,0.228,0.474,0.474,0.388,0.862,7.13,1.5,5.3917,4.3407,11.8138,11.8138,9.3942,65.38,266.05,266.05,692.88,2.736257285
3,35,35,3.582,0.228,0.474,0.474,0.757,0.862,0.862,2.8,5.3917,4.3407,11.8138,11.8138,4.3407,39.098,266.05,266.05,336.5,-3.338405201
3,35,35,3.582,0.228,0.474,0.474,1.228,0.862,0.971,2.2,5.3917,4.3407,11.8138,11.8138,5.1391,22.99,266.05,266.05,371.15,-1.140728931
3,35,35,3.582,0.228,0.474,0.474,0.897,0.862,2.7,1.8,5.3917,4.3407,11.8138,11.8138,5.9858,26.982,266.05,266.05,933.4,1.700994509
3,35,35,3.582,0.228,0.474,0.474,0.647,0.862,1.54,2.2,5.3917,4.3407,11.8138,11.8138,6.1132,40.078,266.05,266.05,1112.15,-3.88500145
3,35,35,3.582,0.228,0.474,0.474,1.023,0.862,1.74,1.7,5.3917,4.3407,11.8138,11.8138,7.6462,24.305,266.05,266.05,923.15,0.5521624
3,35,35,3.582,0.228,0.474,0.474,0.824,0.862,0.0017,0.57,5.3917,4.3407,11.8138,11.8138,17.4228,18.998,266.05,266.05,53.63,-6.480617032
19,35,35,0.757,0.129,0.474,0.474,3.582,1.53,0.534,2.1,4.3407,4.1771,11.8138,11.8138,5.3917,6.941,266.05,266.05,453.85,-3.33761558
19,35,35,0.757,0.129,0.474,0.474,0.388,1.53,7.13,1.5,4.3407,4.1771,11.8138,11.8138,9.3942,65.38,266.05,266.05,692.88,1.705432562
19,35,35,0.757,0.129,0.474,0.474,0.757,1.53,0.862,2.8,4.3407,4.1771,11.8138,11.8138,4.3407,39.098,266.05,266.05,336.5,-2.737731549
19,35,35,0.757,0.129,0.474,0.474,1.228,1.53,0.971,2.2,4.3407,4.1771,11.8138,11.8138,5.1391,22.99,266.05,266.05,371.15,-1.591148288
19,35,35,0.757,0.129,0.474,0.474,0.897,1.53,2.7,1.8,4.3407,4.1771,11.8138,11.8138,5.9858,26.982,266.05,266.05,933.4,1.76427147
19,35,35,0.757,0.129,0.474,0.474,0.647,1.53,1.54,2.2,4.3407,4.1771,11.8138,11.8138,6.1132,40.078,266.05,266.05,1112.15,-4.464413367
19,35,35,0.757,0.129,0.474,0.474,1.023,1.53,1.74,1.7,4.3407,4.1771,11.8138,11.8138,7.6462,24.305,266.05,266.05,923.15,-0.161745528
19,35,35,0.757,0.129,0.474,0.474,0.824,1.53,0.0017,0.57,4.3407,4.1771,11.8138,11.8138,17.4228,18.998,266.05,266.05,53.63,-3.903271227
37,53,53,0.363,0.129,0.214,0.214,3.582,1.87,0.534,2.1,4.1771,3.8939,10.4513,10.4513,5.3917,6.941,386.65,386.65,453.85,-4.21639311
37,53,53,0.363,0.129,0.214,0.214,0.388,1.87,7.13,1.5,4.1771,3.8939,10.4513,10.4513,9.3942,65.38,386.65,386.65,692.88,-0.49320652
37,53,53,0.363,0.129,0.214,0.214,0.757,1.87,0.862,2.8,4.1771,3.8939,10.4513,10.4513,4.3407,39.098,386.65,386.65,336.5,-3.45265161
37,53,53,0.363,0.129,0.214,0.214,1.228,1.87,0.971,2.2,4.1771,3.8939,10.4513,10.4513,5.1391,22.99,386.65,386.65,371.15,-2.51935921
37,53,53,0.363,0.129,0.214,0.214,0.897,1.87,2.7,1.8,4.1771,3.8939,10.4513,10.4513,5.9858,26.982,386.65,386.65,933.4,-1.81397402
37,53,53,0.363,0.129,0.214,0.214,0.647,1.87,1.54,2.2,4.1771,3.8939,10.4513,10.4513,6.1132,40.078,386.65,386.65,1112.15,-6.35592353
37,53,53,0.363,0.129,0.214,0.214,1.023,1.87,1.74,1.7,4.1771,3.8939,10.4513,10.4513,7.6462,24.305,386.65,386.65,923.15,-1.97767141
37,53,53,0.363,0.129,0.214,0.214,0.824,1.87,0.0017,0.57,4.1771,3.8939,10.4513,10.4513,17.4228,18.998,386.65,386.65,53.63,-2.93612377
3,9,18,3.582,0.32,0.824,0.479,3.582,0.534,0.534,2.1,5.3917,5.3917,17.4228,12.9676,5.3917,6.941,53.63,53.63,453.85,-7.267518412
3,9,18,3.582,0.32,0.824,0.479,0.388,0.534,7.13,1.5,5.3917,5.3917,17.4228,12.9676,9.3942,65.38,53.63,53.63,692.88,3.571823398
3,9,18,3.582,0.32,0.824,0.479,0.757,0.534,0.862,2.8,5.3917,5.3917,17.4228,12.9676,4.3407,39.098,53.63,53.63,336.5,-5.26959855
3,9,18,3.582,0.32,0.824,0.479,1.228,0.534,0.971,2.2,5.3917,5.3917,17.4228,12.9676,5.1391,22.99,53.63,53.63,371.15,-4.885398418
3,9,18,3.582,0.32,0.824,0.479,0.897,0.534,2.7,1.8,5.3917,5.3917,17.4228,12.9676,5.9858,26.982,53.63,53.63,933.4,2.836765167
3,9,18,3.582,0.32,0.824,0.479,0.647,0.534,1.54,2.2,5.3917,5.3917,17.4228,12.9676,6.1132,40.078,53.63,53.63,1112.15,-4.163086614
3,9,18,3.582,0.32,0.824,0.479,1.023,0.534,1.74,1.7,5.3917,5.3917,17.4228,12.9676,7.6462,24.305,53.63,53.63,923.15,-1.308253974
3,9,18,3.582,0.32,0.824,0.479,0.824,0.534,0.0017,0.57,5.3917,5.3917,17.4228,12.9676,17.4228,18.998,53.63,53.63,53.63,-12.59620188
11,9,18,1.228,0.32,0.824,0.479,3.582,0.971,0.534,2.1,5.1391,5.1391,17.4228,12.9676,5.3917,6.941,53.63,53.63,453.85,-1.119221305
11,9,18,1.228,0.32,0.824,0.479,0.388,0.971,7.13,1.5,5.1391,5.1391,17.4228,12.9676,9.3942,65.38,53.63,53.63,692.88,5.455622857
11,9,18,1.228,0.32,0.824,0.479,0.757,0.971,0.862,2.8,5.1391,5.1391,17.4228,12.9676,4.3407,39.098,53.63,53.63,336.5,-0.520410637
11,9,18,1.228,0.32,0.824,0.479,1.228,0.971,0.971,2.2,5.1391,5.1391,17.4228,12.9676,5.1391,22.99,53.63,53.63,371.15,0.51981719
11,9,18,1.228,0.32,0.824,0.479,0.897,0.971,2.7,1.8,5.1391,5.1391,17.4228,12.9676,5.9858,26.982,53.63,53.63,933.4,6.230326825
11,9,18,1.228,0.32,0.824,0.479,0.647,0.971,1.54,2.2,5.1391,5.1391,17.4228,12.9676,6.1132,40.078,53.63,53.63,1112.15,-0.628306191
11,9,18,1.228,0.32,0.824,0.479,1.023,0.971,1.74,1.7,5.1391,5.1391,17.4228,12.9676,7.6462,24.305,53.63,53.63,923.15,2.018662629
11,9,18,1.228,0.32,0.824,0.479,0.824,0.971,0.0017,0.57,5.1391,5.1391,17.4228,12.9676,17.4228,18.998,53.63,53.63,53.63,-6.109491478
3,18,35,3.582,0.228,0.479,0.474,3.582,0.534,0.534,2.1,5.3917,5.3917,12.9676,11.8138,5.3917,6.941,172.31,172.31,453.85,-4.136070347
3,18,35,3.582,0.228,0.479,0.474,0.388,0.534,7.13,1.5,5.3917,5.3917,12.9676,11.8138,9.3942,65.38,172.31,172.31,692.88,3.788295999
3,18,35,3.582,0.228,0.479,0.474,0.757,0.534,0.862,2.8,5.3917,5.3917,12.9676,11.8138,4.3407,39.098,172.31,172.31,336.5,-3.777993499
3,18,35,3.582,0.228,0.479,0.474,1.228,0.534,0.971,2.2,5.3917,5.3917,12.9676,11.8138,5.1391,22.99,172.31,172.31,371.15,-2.630907286
3,18,35,3.582,0.228,0.479,0.474,0.897,0.534,2.7,1.8,5.3917,5.3917,12.9676,11.8138,5.9858,26.982,172.31,172.31,933.4,3.509939084
3,18,35,3.582,0.228,0.479,0.474,0.647,0.534,1.54,2.2,5.3917,5.3917,12.9676,11.8138,6.1132,40.078,172.31,172.31,1112.15,-3.616258045
3,18,35,3.582,0.228,0.479,0.474,1.023,0.534,1.74,1.7,5.3917,5.3917,12.9676,11.8138,7.6462,24.305,172.31,172.31,923.15,0.495336912
3,18,35,3.582,0.228,0.479,0.474,0.824,0.534,0.0017,0.57,5.3917,5.3917,12.9676,11.8138,17.4228,18.998,172.31,172.31,53.63,-8.293686205
11,18,35,1.228,0.228,0.479,0.474,3.582,0.971,0.534,2.1,5.1391,5.1391,12.9676,11.8138,5.3917,6.941,172.31,172.31,453.85,-3.59258614
11,18,35,1.228,0.228,0.479,0.474,0.388,0.971,7.13,1.5,5.1391,5.1391,12.9676,11.8138,9.3942,65.38,172.31,172.31,692.88,3.056507699
11,18,35,1.228,0.228,0.479,0.474,0.757,0.971,0.862,2.8,5.1391,5.1391,12.9676,11.8138,4.3407,39.098,172.31,172.31,336.5,-2.232802428
11,18,35,1.228,0.228,0.479,0.474,1.228,0.971,0.971,2.2,5.1391,5.1391,12.9676,11.8138,5.1391,22.99,172.31,172.31,371.15,-1.14524051
11,18,35,1.228,0.228,0.479,0.474,0.897,0.971,2.7,1.8,5.1391,5.1391,12.9676,11.8138,5.9858,26.982,172.31,172.31,933.4,2.676666933
11,18,35,1.228,0.228,0.479,0.474,0.647,0.971,1.54,2.2,5.1391,5.1391,12.9676,11.8138,6.1132,40.078,172.31,172.31,1112.15,-2.484189021
11,18,35,1.228,0.228,0.479,0.474,1.023,0.971,1.74,1.7,5.1391,5.1391,12.9676,11.8138,7.6462,24.305,172.31,172.31,923.15,1.284531489
11,18,35,1.228,0.228,0.479,0.474,0.824,0.971,0.0017,0.57,5.1391,5.1391,12.9676,11.8138,17.4228,18.998,172.31,172.31,53.63,-6.546731428
3,35,53,3.582,0.129,0.474,0.214,3.582,0.534,0.534,2.1,5.3917,5.3917,11.8138,10.4513,5.3917,6.941,266.05,266.05,453.85,-4.459126808
3,35,53,3.582,0.129,0.474,0.214,0.388,0.534,7.13,1.5,5.3917,5.3917,11.8138,10.4513,9.3942,65.38,266.05,266.05,692.88,2.287693566
3,35,53,3.582,0.129,0.474,0.214,0.757,0.534,0.862,2.8,5.3917,5.3917,11.8138,10.4513,4.3407,39.098,266.05,266.05,336.5,-3.860768429
3,35,53,3.582,0.129,0.474,0.214,1.228,0.534,0.971,2.2,5.3917,5.3917,11.8138,10.4513,5.1391,22.99,266.05,266.05,371.15,-1.990985537
3,35,53,3.582,0.129,0.474,0.214,0.897,0.534,2.7,1.8,5.3917,5.3917,11.8138,10.4513,5.9858,26.982,266.05,266.05,933.4,0.129939785
3,35,53,3.582,0.129,0.474,0.214,0.647,0.534,1.54,2.2,5.3917,5.3917,11.8138,10.4513,6.1132,40.078,266.05,266.05,1112.15,-2.20279966
3,35,53,3.582,0.129,0.474,0.214,1.023,0.534,1.74,1.7,5.3917,5.3917,11.8138,10.4513,7.6462,24.305,266.05,266.05,923.15,0.185973737
3,35,53,3.582,0.129,0.474,0.214,0.824,0.534,0.0017,0.57,5.3917,5.3917,11.8138,10.4513,17.4228,18.998,266.05,266.05,53.63,-7.277926501
11,35,53,1.228,0.129,0.474,0.214,3.582,0.971,0.534,2.1,5.1391,5.1391,11.8138,10.4513,5.3917,6.941,266.05,266.05,453.85,-3.42560755
11,35,53,1.228,0.129,0.474,0.214,0.388,0.971,7.13,1.5,5.1391,5.1391,11.8138,10.4513,9.3942,65.38,266.05,266.05,692.88,2.01257451
11,35,53,1.228,0.129,0.474,0.214,0.757,0.971,0.862,2.8,5.1391,5.1391,11.8138,10.4513,4.3407,39.098,266.05,266.05,336.5,-2.97430881
11,35,53,1.228,0.129,0.474,0.214,1.228,0.971,0.971,2.2,5.1391,5.1391,11.8138,10.4513,5.1391,22.99,266.05,266.05,371.15,-2.41467994
11,35,53,1.228,0.129,0.474,0.214,0.897,0.971,2.7,1.8,5.1391,5.1391,11.8138,10.4513,5.9858,26.982,266.05,266.05,933.4,2.64381949
11,35,53,1.228,0.129,0.474,0.214,0.647,0.971,1.54,2.2,5.1391,5.1391,11.8138,10.4513,6.1132,40.078,266.05,266.05,1112.15,-3.8280446
11,35,53,1.228,0.129,0.474,0.214,1.023,0.971,1.74,1.7,5.1391,5.1391,11.8138,10.4513,7.6462,24.305,266.05,266.05,923.15,-1.20808942
11,35,53,1.228,0.129,0.474,0.214,0.824,0.971,0.0017,0.57,5.1391,5.1391,11.8138,10.4513,17.4228,18.998,266.05,266.05,53.63,-5.63831974
19,18,18,0.757,0.32,0.479,0.479,3.582,0.862,0.534,2.1,4.3407,4.3407,12.9676,12.9676,5.3917,6.941,53.63,172.31,453.85,-2.230510291
19,18,18,0.757,0.32,0.479,0.479,0.388,0.862,7.13,1.5,4.3407,4.3407,12.9676,12.9676,9.3942,65.38,53.63,172.31,692.88,3.736194609
19,18,18,0.757,0.32,0.479,0.479,0.757,0.862,0.862,2.8,4.3407,4.3407,12.9676,12.9676,4.3407,39.098,53.63,172.31,336.5,-1.315644012
19,18,18,0.757,0.32,0.479,0.479,1.228,0.862,0.971,2.2,4.3407,4.3407,12.9676,12.9676,5.1391,22.99,53.63,172.31,371.15,-0.528533857
19,18,18,0.757,0.32,0.479,0.479,0.897,0.862,2.7,1.8,4.3407,4.3407,12.9676,12.9676,5.9858,26.982,53.63,172.31,933.4,4.862582111
19,18,18,0.757,0.32,0.479,0.479,0.647,0.862,1.54,2.2,4.3407,4.3407,12.9676,12.9676,6.1132,40.078,53.63,172.31,1112.15,-1.730258343
19,18,18,0.757,0.32,0.479,0.479,1.023,0.862,1.74,1.7,4.3407,4.3407,12.9676,12.9676,7.6462,24.305,53.63,172.31,923.15,0.677377468
19,18,18,0.757,0.32,0.479,0.479,0.824,0.862,0.0017,0.57,4.3407,4.3407,12.9676,12.9676,17.4228,18.998,53.63,172.31,53.63,-5.328098241
37,9,35,0.363,0.32,0.824,0.474,3.582,1.53,0.534,2.1,4.1771,4.1771,17.4228,11.8138,5.3917,6.941,53.63,53.63,453.85,-2.456665965
37,9,35,0.363,0.32,0.824,0.474,0.388,1.53,7.13,1.5,4.1771,4.1771,17.4228,11.8138,9.3942,65.38,53.63,53.63,692.88,4.23710596
37,9,35,0.363,0.32,0.824,0.474,0.757,1.53,0.862,2.8,4.1771,4.1771,17.4228,11.8138,4.3407,39.098,53.63,53.63,336.5,-1.606871564
37,9,35,0.363,0.32,0.824,0.474,1.228,1.53,0.971,2.2,4.1771,4.1771,17.4228,11.8138,5.1391,22.99,53.63,53.63,371.15,-0.562643953
37,9,35,0.363,0.32,0.824,0.474,0.897,1.53,2.7,1.8,4.1771,4.1771,17.4228,11.8138,5.9858,26.982,53.63,53.63,933.4,4.218807571
37,9,35,0.363,0.32,0.824,0.474,0.647,1.53,1.54,2.2,4.1771,4.1771,17.4228,11.8138,6.1132,40.078,53.63,53.63,1112.15,-2.100872151
37,9,35,0.363,0.32,0.824,0.474,1.023,1.53,1.74,1.7,4.1771,4.1771,17.4228,11.8138,7.6462,24.305,53.63,53.63,923.15,-0.293297511
37,9,35,0.363,0.32,0.824,0.474,0.824,1.53,0.0017,0.57,4.1771,4.1771,17.4228,11.8138,17.4228,18.998,53.63,53.63,53.63,-6.158686866
19,53,18,0.757,0.228,0.214,0.479,3.582,0.862,0.534,2.1,4.3407,4.3407,10.4513,12.9676,5.3917,6.941,266.05,386.65,453.85,-3.148491685
19,53,18,0.757,0.228,0.214,0.479,0.388,0.862,7.13,1.5,4.3407,4.3407,10.4513,12.9676,9.3942,65.38,266.05,386.65,692.88,1.790386487
19,53,18,0.757,0.228,0.214,0.479,0.757,0.862,0.862,2.8,4.3407,4.3407,10.4513,12.9676,4.3407,39.098,266.05,386.65,336.5,-2.474639775
19,53,18,0.757,0.228,0.214,0.479,1.228,0.862,0.971,2.2,4.3407,4.3407,10.4513,12.9676,5.1391,22.99,266.05,386.65,371.15,-1.895447727
19,53,18,0.757,0.228,0.214,0.479,0.897,0.862,2.7,1.8,4.3407,4.3407,10.4513,12.9676,5.9858,26.982,266.05,386.65,933.4,0.934753207
19,53,18,0.757,0.228,0.214,0.479,0.647,0.862,1.54,2.2,4.3407,4.3407,10.4513,12.9676,6.1132,40.078,266.05,386.65,1112.15,-4.380516795
19,53,18,0.757,0.228,0.214,0.479,1.023,0.862,1.74,1.7,4.3407,4.3407,10.4513,12.9676,7.6462,24.305,266.05,386.65,923.15,0.098545125
19,53,18,0.757,0.228,0.214,0.479,0.824,0.862,0.0017,0.57,4.3407,4.3407,10.4513,12.9676,17.4228,18.998,266.05,386.65,53.63,-4.219186876
55,53,18,0.242,0.129,0.214,0.479,3.582,1.87,0.534,2.1,3.8939,3.8939,10.4513,12.9676,5.3917,6.941,386.65,386.65,453.85,-4.094517796
55,53,18,0.242,0.129,0.214,0.479,0.388,1.87,7.13,1.5,3.8939,3.8939,10.4513,12.9676,9.3942,65.38,386.65,386.65,692.88,-0.260479226
55,53,18,0.242,0.129,0.214,0.479,0.757,1.87,0.862,2.8,3.8939,3.8939,10.4513,12.9676,4.3407,39.098,386.65,386.65,336.5,-3.542886016
55,53,18,0.242,0.129,0.214,0.479,1.228,1.87,0.971,2.2,3.8939,3.8939,10.4513,12.9676,5.1391,22.99,386.65,386.65,371.15,-2.429120786
55,53,18,0.242,0.129,0.214,0.479,0.897,1.87,2.7,1.8,3.8939,3.8939,10.4513,12.9676,5.9858,26.982,386.65,386.65,933.4,-1.405289462
55,53,18,0.242,0.129,0.214,0.479,0.647,1.87,1.54,2.2,3.8939,3.8939,10.4513,12.9676,6.1132,40.078,386.65,386.65,1112.15,-6.495372806
55,53,18,0.242,0.129,0.214,0.479,1.023,1.87,1.74,1.7,3.8939,3.8939,10.4513,12.9676,7.6462,24.305,386.65,386.65,923.15,-1.743341336
55,53,18,0.242,0.129,0.214,0.479,0.824,1.87,0.0017,0.57,3.8939,3.8939,10.4513,12.9676,17.4228,18.998,386.65,386.65,53.63,-2.859270346
19,35,53,0.757,0.129,0.474,0.214,3.582,0.862,0.534,2.1,4.3407,4.3407,11.8138,10.4513,5.3917,6.941,53.63,266.05,453.85,-3.444413229
19,35,53,0.757,0.129,0.474,0.214,0.388,0.862,7.13,1.5,4.3407,4.3407,11.8138,10.4513,9.3942,65.38,53.63,266.05,692.88,2.552047621
19,35,53,0.757,0.129,0.474,0.214,0.757,0.862,0.862,2.8,4.3407,4.3407,11.8138,10.4513,4.3407,39.098,53.63,266.05,336.5,-2.331571839
19,35,53,0.757,0.129,0.474,0.214,1.228,0.862,0.971,2.2,4.3407,4.3407,11.8138,10.4513,5.1391,22.99,53.63,266.05,371.15,-1.362751139
19,35,53,0.757,0.129,0.474,0.214,0.897,0.862,2.7,1.8,4.3407,4.3407,11.8138,10.4513,5.9858,26.982,53.63,266.05,933.4,2.429278496
19,35,53,0.757,0.129,0.474,0.214,0.647,0.862,1.54,2.2,4.3407,4.3407,11.8138,10.4513,6.1132,40.078,53.63,266.05,1112.15,-3.973729689
19,35,53,0.757,0.129,0.474,0.214,1.023,0.862,1.74,1.7,4.3407,4.3407,11.8138,10.4513,7.6462,24.305,53.63,266.05,923.15,0.105345971
19,35,53,0.757,0.129,0.474,0.214,0.824,0.862,0.0017,0.57,4.3407,4.3407,11.8138,10.4513,17.4228,18.998,53.63,266.05,53.63,-4.872037589
55,53,53,0.242,0.228,0.214,0.214,3.582,1.87,0.534,2.1,3.8939,3.8939,10.4513,10.4513,5.3917,6.941,266.05,386.65,453.85,-3.934522116
55,53,53,0.242,0.228,0.214,0.214,0.388,1.87,7.13,1.5,3.8939,3.8939,10.4513,10.4513,9.3942,65.38,266.05,386.65,692.88,0.108469229
55,53,53,0.242,0.228,0.214,0.214,0.757,1.87,0.862,2.8,3.8939,3.8939,10.4513,10.4513,4.3407,39.098,266.05,386.65,336.5,-3.26764264
55,53,53,0.242,0.228,0.214,0.214,1.228,1.87,0.971,2.2,3.8939,3.8939,10.4513,10.4513,5.1391,22.99,266.05,386.65,371.15,-2.247644908
55,53,53,0.242,0.228,0.214,0.214,0.897,1.87,2.7,1.8,3.8939,3.8939,10.4513,10.4513,5.9858,26.982,266.05,386.65,933.4,-1.415285486
55,53,53,0.242,0.228,0.214,0.214,0.647,1.87,1.54,2.2,3.8939,3.8939,10.4513,10.4513,6.1132,40.078,266.05,386.65,1112.15,-5.639158285
55,53,53,0.242,0.228,0.214,0.214,1.023,1.87,1.74,1.7,3.8939,3.8939,10.4513,10.4513,7.6462,24.305,266.05,386.65,923.15,-1.380906183
55,53,53,0.242,0.228,0.214,0.214,0.824,1.87,0.0017,0.57,3.8939,3.8939,10.4513,10.4513,17.4228,18.998,266.05,386.65,53.63,-3.346974842
37,9,53,0.363,0.129,0.824,0.214,3.582,1.53,0.534,2.1,4.1771,4.1771,17.4228,10.4513,5.3917,6.941,53.63,53.63,453.85,-3.250257958
37,9,53,0.363,0.129,0.824,0.214,0.388,1.53,7.13,1.5,4.1771,4.1771,17.4228,10.4513,9.3942,65.38,53.63,53.63,692.88,3.129072044
37,9,53,0.363,0.129,0.824,0.214,0.757,1.53,0.862,2.8,4.1771,4.1771,17.4228,10.4513,4.3407,39.098,53.63,53.63,336.5,-2.325444356
37,9,53,0.363,0.129,0.824,0.214,1.228,1.53,0.971,2.2,4.1771,4.1771,17.4228,10.4513,5.1391,22.99,53.63,53.63,371.15,-0.869292146
37,9,53,0.363,0.129,0.824,0.214,0.897,1.53,2.7,1.8,4.1771,4.1771,17.4228,10.4513,5.9858,26.982,53.63,53.63,933.4,3.775128238
37,9,53,0.363,0.129,0.824,0.214,0.647,1.53,1.54,2.2,4.1771,4.1771,17.4228,10.4513,6.1132,40.078,53.63,53.63,1112.15,-4.879069356
37,9,53,0.363,0.129,0.824,0.214,1.023,1.53,1.74,1.7,4.1771,4.1771,17.4228,10.4513,7.6462,24.305,53.63,53.63,923.15,0.859406284
37,9,53,0.363,0.129,0.824,0.214,0.824,1.53,0.0017,0.57,4.1771,4.1771,17.4228,10.4513,17.4228,18.998,53.63,53.63,53.63,-5.875584966
37,53,53,0.363,0.228,0.214,0.214,3.582,1.53,0.534,2.1,4.1771,4.1771,10.4513,10.4513,5.3917,6.941,266.05,386.65,453.85,-3.574710121
37,53,53,0.363,0.228,0.214,0.214,0.388,1.53,7.13,1.5,4.1771,4.1771,10.4513,10.4513,9.3942,65.38,266.05,386.65,692.88,1.104392957
37,53,53,0.363,0.228,0.214,0.214,0.757,1.53,0.862,2.8,4.1771,4.1771,10.4513,10.4513,4.3407,39.098,266.05,386.65,336.5,-2.804136192
37,53,53,0.363,0.228,0.214,0.214,1.228,1.53,0.971,2.2,4.1771,4.1771,10.4513,10.4513,5.1391,22.99,266.05,386.65,371.15,-1.934355555
37,53,53,0.363,0.228,0.214,0.214,0.897,1.53,2.7,1.8,4.1771,4.1771,10.4513,10.4513,5.9858,26.982,266.05,386.65,933.4,-0.151068757
37,53,53,0.363,0.228,0.214,0.214,0.647,1.53,1.54,2.2,4.1771,4.1771,10.4513,10.4513,6.1132,40.078,266.05,386.65,1112.15,-4.757395404
37,53,53,0.363,0.228,0.214,0.214,1.023,1.53,1.74,1.7,4.1771,4.1771,10.4513,10.4513,7.6462,24.305,266.05,386.65,923.15,-0.461999655
37,53,53,0.363,0.228,0.214,0.214,0.824,1.53,0.0017,0.57,4.1771,4.1771,10.4513,10.4513,17.4228,18.998,266.05,386.65,53.63,-4.003943443
